[
{
    "model": "medications.medication",
    "pk": 1,
    "fields": {
        "name": "Buprenorphine",
        "slug": "buprenorphine"
    }
},
{
    "model": "medications.medication",
    "pk": 2,
    "fields": {
        "name": "Naltrexone",
        "slug": "naltrexone"
    }
},
{
    "model": "medications.medication",
    "pk": 3,
    "fields": {
        "name": "Methadone",
        "slug": "methadone"
    }
},
{
    "model": "medications.medication",
    "pk": 4,
    "fields": {
        "name": "No Medicine",
        "slug": "no-medicine"
    }
},
{
    "model": "medications.medication",
    "pk": 5,
    "fields": {
        "name": "Continue Using",
        "slug": "continue-using"
    }
},
{
    "model": "medications.effect",
    "pk": 1,
    "fields": {
        "name": "Symptom Relief",
        "slug": "symptom-relief",
        "category": "circle",
        "description": "<p>Some medications help you feel better. When stopping opioids you can get withdrawal symptoms, which includes body aches, anxiety, fatigue, sweating, fatigue, cravings for drug, nausea, vomiting and diarrhea. You can also have cravings - a strong desire for opioids - that can be very strong in the beginning, but get&nbsp;better with time.&nbsp;</p>\r\n\r\n<p>Methadone and buprenorphine at the right dose can&nbsp;stop withdrawal symptoms and reduce cravings.&nbsp;&nbsp;</p>\r\n\r\n<p>Naltrexone cannot relieve withdrawal symptoms but your doctor can provide other medications for relief while the opioids leave your system. Naltrexone helps a little bit with craving.&nbsp;</p>"
    }
},
{
    "model": "medications.effect",
    "pk": 2,
    "fields": {
        "name": "Where do I take the medication?",
        "slug": "location",
        "category": null,
        "description": null
    }
},
{
    "model": "medications.effect",
    "pk": 3,
    "fields": {
        "name": "How does medicine get in my body?",
        "slug": "treatment",
        "category": null,
        "description": ""
    }
},
{
    "model": "medications.effect",
    "pk": 4,
    "fields": {
        "name": "How do I pick up the medication?",
        "slug": "refill",
        "category": null,
        "description": ""
    }
},
{
    "model": "medications.effect",
    "pk": 5,
    "fields": {
        "name": "How do I start treatment?",
        "slug": "starting",
        "category": null,
        "description": ""
    }
},
{
    "model": "medications.effect",
    "pk": 7,
    "fields": {
        "name": "Common side effects",
        "slug": "side-effects",
        "category": null,
        "description": ""
    }
},
{
    "model": "medications.effect",
    "pk": 8,
    "fields": {
        "name": "Cost without insurance",
        "slug": "cost",
        "category": null,
        "description": "<p>Expansion&nbsp;</p>\r\n\r\n<p>Methadone: $300 per month (much lower with insurance)&nbsp;</p>\r\n\r\n<p>Buprenorphine sublingual: $200 per month (lower with insurance)&nbsp;</p>\r\n\r\n<p>Naltrexone: $1350 per month (may be lower with insurance)&nbsp;</p>\r\n\r\n<p>No medication: $1800 per month, estimated&nbsp;</p>\r\n\r\n<p>&nbsp;</p>"
    }
},
{
    "model": "medications.effect",
    "pk": 10,
    "fields": {
        "name": "Discomfort",
        "slug": "discomfort",
        "category": null,
        "description": null
    }
},
{
    "model": "medications.effect",
    "pk": 11,
    "fields": {
        "name": "Risk of Death Without Treatment",
        "slug": "mortality",
        "category": "icon",
        "description": ""
    }
},
{
    "model": "medications.effect",
    "pk": 12,
    "fields": {
        "name": "Risk of relapse",
        "slug": "relapse",
        "category": null,
        "description": "<p>The longer you stay on medications like methadone and buprenorphine, the&nbsp;longer you are able to stay off opioids like heroin.</p>\r\n\r\n<p>Naltrexone also helps you staff off opioids as long as you continue to use it. Some people have trouble staying on this medication.&nbsp;</p>"
    }
},
{
    "model": "medications.effect",
    "pk": 13,
    "fields": {
        "name": "Intensity of withdrawal if you stop",
        "slug": "stoppingWithdrawl",
        "category": "circle",
        "description": ""
    }
},
{
    "model": "medications.effect",
    "pk": 14,
    "fields": {
        "name": "Risk of death right after stopping",
        "slug": "stoppingMortality",
        "category": "timeline",
        "description": "<p>Expand:&nbsp;</p>\r\n\r\n<p>methadone:&nbsp;Goes up, higher than continuing to use</p>\r\n\r\n<p>BPN:&nbsp;Goes up, higher than continuing to use</p>\r\n\r\n<p>NTX:&nbsp;Goes up, higher than continuing to use</p>\r\n\r\n<p>No medicine: Can be higher than continuing to use</p>\r\n\r\n<p>Continuing to Use: HIgher than being on medicine&nbsp;</p>\r\n\r\n<p>&nbsp;</p>"
    }
},
{
    "model": "medications.effect",
    "pk": 15,
    "fields": {
        "name": "Life saving",
        "slug": "life-saving",
        "category": "circle",
        "description": "<p>Opioid use disorder increases the risk of death, from overdose, infection and other problems. In a room of 30 people with opioid use disorder, 3 people can die.&nbsp;&nbsp;</p>\r\n\r\n<p>life saving 1</p>\r\n\r\n<p>Medications help save lives by reducing this risk by up to half</p>\r\n\r\n<p>life saving 2&nbsp;</p>\r\n\r\n<p>Stopping opioid use without&nbsp;medication is also risky. The risk of relapse is high and using after stopping for a while&nbsp;you lose your tolerance - meaning a smaller dose may still cause an overdose.&nbsp;</p>"
    }
},
{
    "model": "medications.effect",
    "pk": 16,
    "fields": {
        "name": "Stop Relapse",
        "slug": "relapsePrevention",
        "category": "circle",
        "description": "<p>The longer you stay on medications like methadone and buprenorphine, the&nbsp;longer you are able to stay off opioids like heroin.</p>\r\n\r\n<p>Naltrexone also helps you staff off opioids as long as you continue to use it. Some people have trouble staying on this medication.&nbsp;</p>"
    }
},
{
    "model": "medications.effect",
    "pk": 19,
    "fields": {
        "name": "Improved Life Function",
        "slug": "legal",
        "category": null,
        "description": "<p>Research shows medication&nbsp;can improve your abilities for day-to-day life</p>\r\n\r\n<p>(1)&nbsp;&darr; Legal problems - you will less likely be arrested&nbsp;</p>\r\n\r\n<p>(2)&nbsp;&uarr; Relationships - you will more likely improve your relationships with friends or family&nbsp;</p>\r\n\r\n<p>(3)&nbsp;&uarr; Employment - you will more likely be able to work&nbsp;</p>\r\n\r\n<p>Stopping opioid use without medication you will get&nbsp;better at first, but there is a high risk of relapse and then getting worse.&nbsp;</p>"
    }
},
{
    "model": "medications.effect",
    "pk": 20,
    "fields": {
        "name": "How the medicine gets in the body",
        "slug": "medicine-in-body",
        "category": "list",
        "description": ""
    }
},
{
    "model": "medications.effect",
    "pk": 21,
    "fields": {
        "name": "How long is withdrawal if you stop",
        "slug": "withdrawal-duration",
        "category": null,
        "description": "<p>Expand: pics&nbsp;</p>\r\n\r\n<p>mmt wd</p>\r\n\r\n<p>bpn wd</p>\r\n\r\n<p>heroin wd</p>\r\n\r\n<p>&nbsp;</p>"
    }
},
{
    "model": "medications.medicationeffect",
    "pk": 1,
    "fields": {
        "medication": 1,
        "effect": 1,
        "label": null,
        "value": "4",
        "comparison": "4",
        "day": null,
        "order": null
    }
},
{
    "model": "medications.medicationeffect",
    "pk": 2,
    "fields": {
        "medication": 3,
        "effect": 1,
        "label": null,
        "value": "4",
        "comparison": "4",
        "day": null,
        "order": null
    }
},
{
    "model": "medications.medicationeffect",
    "pk": 3,
    "fields": {
        "medication": 2,
        "effect": 1,
        "label": null,
        "value": "1",
        "comparison": "4",
        "day": null,
        "order": null
    }
},
{
    "model": "medications.medicationeffect",
    "pk": 4,
    "fields": {
        "medication": 4,
        "effect": 1,
        "label": null,
        "value": "0",
        "comparison": "4",
        "day": null,
        "order": null
    }
},
{
    "model": "medications.medicationeffect",
    "pk": 5,
    "fields": {
        "medication": 5,
        "effect": 1,
        "label": null,
        "value": "0",
        "comparison": "4",
        "day": null,
        "order": null
    }
},
{
    "model": "medications.medicationeffect",
    "pk": 6,
    "fields": {
        "medication": 3,
        "effect": 15,
        "label": null,
        "value": "3",
        "comparison": "4",
        "day": null,
        "order": null
    }
},
{
    "model": "medications.medicationeffect",
    "pk": 7,
    "fields": {
        "medication": 1,
        "effect": 15,
        "label": null,
        "value": "3",
        "comparison": "4",
        "day": null,
        "order": null
    }
},
{
    "model": "medications.medicationeffect",
    "pk": 8,
    "fields": {
        "medication": 2,
        "effect": 15,
        "label": null,
        "value": "2",
        "comparison": "4",
        "day": null,
        "order": null
    }
},
{
    "model": "medications.medicationeffect",
    "pk": 9,
    "fields": {
        "medication": 4,
        "effect": 15,
        "label": null,
        "value": "0",
        "comparison": "4",
        "day": null,
        "order": null
    }
},
{
    "model": "medications.medicationeffect",
    "pk": 10,
    "fields": {
        "medication": 5,
        "effect": 15,
        "label": null,
        "value": "0",
        "comparison": "4",
        "day": null,
        "order": null
    }
},
{
    "model": "medications.medicationeffect",
    "pk": 11,
    "fields": {
        "medication": 3,
        "effect": 2,
        "label": null,
        "value": "home",
        "comparison": null,
        "day": null,
        "order": 10
    }
},
{
    "model": "medications.medicationeffect",
    "pk": 12,
    "fields": {
        "medication": 3,
        "effect": 3,
        "label": null,
        "value": "Take liquid by mouth every day",
        "comparison": null,
        "day": null,
        "order": 10
    }
},
{
    "model": "medications.medicationeffect",
    "pk": 13,
    "fields": {
        "medication": 3,
        "effect": 4,
        "label": null,
        "value": "Pick up every day from clinic in beginning, once stable after 3 months, pick up once a week",
        "comparison": null,
        "day": null,
        "order": 10
    }
},
{
    "model": "medications.medicationeffect",
    "pk": 14,
    "fields": {
        "medication": 3,
        "effect": 5,
        "label": null,
        "value": "Start day 1",
        "comparison": null,
        "day": null,
        "order": 10
    }
},
{
    "model": "medications.medicationeffect",
    "pk": 16,
    "fields": {
        "medication": 3,
        "effect": 7,
        "label": "Sleepiness",
        "value": "3",
        "comparison": "12",
        "day": null,
        "order": 10
    }
},
{
    "model": "medications.medicationeffect",
    "pk": 17,
    "fields": {
        "medication": 3,
        "effect": 7,
        "label": "Weight gain",
        "value": "8",
        "comparison": "12",
        "day": null,
        "order": 20
    }
},
{
    "model": "medications.medicationeffect",
    "pk": 18,
    "fields": {
        "medication": 3,
        "effect": 7,
        "label": "Constipation",
        "value": "6",
        "comparison": "12",
        "day": null,
        "order": 30
    }
},
{
    "model": "medications.medicationeffect",
    "pk": 19,
    "fields": {
        "medication": 3,
        "effect": 7,
        "label": "Sexual effects for men over 40",
        "value": "6",
        "comparison": "12",
        "day": null,
        "order": 40
    }
},
{
    "model": "medications.medicationeffect",
    "pk": 20,
    "fields": {
        "medication": 3,
        "effect": 8,
        "label": null,
        "value": "$",
        "comparison": null,
        "day": null,
        "order": 10
    }
},
{
    "model": "medications.medicationeffect",
    "pk": 22,
    "fields": {
        "medication": 3,
        "effect": 10,
        "label": null,
        "value": "None",
        "comparison": null,
        "day": null,
        "order": 10
    }
},
{
    "model": "medications.medicationeffect",
    "pk": 23,
    "fields": {
        "medication": 3,
        "effect": 11,
        "label": null,
        "value": null,
        "comparison": null,
        "day": null,
        "order": 10
    }
},
{
    "model": "medications.medicationeffect",
    "pk": 24,
    "fields": {
        "medication": 3,
        "effect": 13,
        "label": null,
        "value": "5",
        "comparison": "5",
        "day": null,
        "order": 10
    }
},
{
    "model": "medications.medicationeffect",
    "pk": 25,
    "fields": {
        "medication": 3,
        "effect": 14,
        "label": null,
        "value": "2",
        "comparison": "8",
        "day": null,
        "order": 10
    }
},
{
    "model": "medications.medicationeffect",
    "pk": 26,
    "fields": {
        "medication": 3,
        "effect": 16,
        "label": null,
        "value": "0",
        "comparison": "10",
        "day": 1,
        "order": 10
    }
},
{
    "model": "medications.medicationeffect",
    "pk": 27,
    "fields": {
        "medication": 1,
        "effect": 19,
        "label": null,
        "value": "Better",
        "comparison": null,
        "day": null,
        "order": 10
    }
},
{
    "model": "medications.medicationeffect",
    "pk": 28,
    "fields": {
        "medication": 2,
        "effect": 19,
        "label": null,
        "value": "Better",
        "comparison": null,
        "day": null,
        "order": 10
    }
},
{
    "model": "medications.medicationeffect",
    "pk": 29,
    "fields": {
        "medication": 4,
        "effect": 19,
        "label": null,
        "value": "Better at first, but then worse",
        "comparison": null,
        "day": null,
        "order": 10
    }
},
{
    "model": "medications.medicationeffect",
    "pk": 30,
    "fields": {
        "medication": 5,
        "effect": 19,
        "label": null,
        "value": "Worse",
        "comparison": null,
        "day": null,
        "order": 10
    }
},
{
    "model": "medications.medicationeffect",
    "pk": 31,
    "fields": {
        "medication": 3,
        "effect": 19,
        "label": null,
        "value": "Better",
        "comparison": null,
        "day": null,
        "order": 10
    }
},
{
    "model": "medications.medicationeffect",
    "pk": 42,
    "fields": {
        "medication": 1,
        "effect": 16,
        "label": null,
        "value": "0",
        "comparison": "10",
        "day": 1,
        "order": 10
    }
},
{
    "model": "medications.medicationeffect",
    "pk": 43,
    "fields": {
        "medication": 2,
        "effect": 16,
        "label": null,
        "value": "0",
        "comparison": "10",
        "day": 1,
        "order": 10
    }
},
{
    "model": "medications.medicationeffect",
    "pk": 44,
    "fields": {
        "medication": 4,
        "effect": 16,
        "label": null,
        "value": "10",
        "comparison": "0",
        "day": 1,
        "order": 10
    }
},
{
    "model": "medications.medicationeffect",
    "pk": 45,
    "fields": {
        "medication": 5,
        "effect": 16,
        "label": null,
        "value": "0",
        "comparison": "100",
        "day": 1,
        "order": 10
    }
},
{
    "model": "medications.medicationeffect",
    "pk": 46,
    "fields": {
        "medication": 1,
        "effect": 16,
        "label": null,
        "value": "0",
        "comparison": "10",
        "day": 3,
        "order": 20
    }
},
{
    "model": "medications.medicationeffect",
    "pk": 47,
    "fields": {
        "medication": 1,
        "effect": 16,
        "label": null,
        "value": "5",
        "comparison": "10",
        "day": 90,
        "order": 30
    }
},
{
    "model": "medications.medicationeffect",
    "pk": 48,
    "fields": {
        "medication": 2,
        "effect": 16,
        "label": null,
        "value": "0",
        "comparison": "10",
        "day": 7,
        "order": 20
    }
},
{
    "model": "medications.medicationeffect",
    "pk": 49,
    "fields": {
        "medication": 2,
        "effect": 16,
        "label": null,
        "value": "5",
        "comparison": "10",
        "day": 90,
        "order": 30
    }
},
{
    "model": "medications.medicationeffect",
    "pk": 50,
    "fields": {
        "medication": 4,
        "effect": 16,
        "label": null,
        "value": "10",
        "comparison": "0",
        "day": 90,
        "order": 20
    }
},
{
    "model": "medications.medicationeffect",
    "pk": 51,
    "fields": {
        "medication": 5,
        "effect": 16,
        "label": null,
        "value": "0",
        "comparison": "100",
        "day": 90,
        "order": 20
    }
},
{
    "model": "medications.medicationeffect",
    "pk": 52,
    "fields": {
        "medication": 3,
        "effect": 16,
        "label": null,
        "value": "5",
        "comparison": "10",
        "day": 90,
        "order": 20
    }
},
{
    "model": "medications.medicationeffect",
    "pk": 53,
    "fields": {
        "medication": 1,
        "effect": 11,
        "label": "smile1",
        "value": "smile1",
        "comparison": null,
        "day": null,
        "order": 10
    }
},
{
    "model": "medications.medicationeffect",
    "pk": 54,
    "fields": {
        "medication": 1,
        "effect": 5,
        "label": null,
        "value": "Stop using opioid for 6-12 hours, feel moderate withdrawal, then start medicine",
        "comparison": null,
        "day": null,
        "order": 10
    }
},
{
    "model": "medications.medicationeffect",
    "pk": 55,
    "fields": {
        "medication": 2,
        "effect": 5,
        "label": null,
        "value": "Stop using opioid for 7 days, feel withdrawal with medical support, then start medicine",
        "comparison": null,
        "day": null,
        "order": 10
    }
},
{
    "model": "medications.medicationeffect",
    "pk": 56,
    "fields": {
        "medication": 4,
        "effect": 5,
        "label": null,
        "value": "Stop using opioid, feel severe withdrawal for 7 days, cravings may last months or longer",
        "comparison": null,
        "day": null,
        "order": 10
    }
},
{
    "model": "medications.medicationeffect",
    "pk": 57,
    "fields": {
        "medication": 5,
        "effect": 5,
        "label": null,
        "value": "not applicable",
        "comparison": null,
        "day": null,
        "order": 10
    }
},
{
    "model": "medications.medicationeffect",
    "pk": 61,
    "fields": {
        "medication": 1,
        "effect": 20,
        "label": null,
        "value": "Take a dissolving tab by mouth every day",
        "comparison": null,
        "day": null,
        "order": 10
    }
},
{
    "model": "medications.medicationeffect",
    "pk": 62,
    "fields": {
        "medication": 2,
        "effect": 20,
        "label": null,
        "value": "Get an injection once a month in the buttock",
        "comparison": null,
        "day": null,
        "order": 10
    }
},
{
    "model": "medications.medicationeffect",
    "pk": 63,
    "fields": {
        "medication": 4,
        "effect": 20,
        "label": null,
        "value": "No medication to take",
        "comparison": null,
        "day": null,
        "order": 10
    }
},
{
    "model": "medications.medicationeffect",
    "pk": 64,
    "fields": {
        "medication": 5,
        "effect": 20,
        "label": null,
        "value": "Taking by pill, injection, or snorting daily or multiple times a day",
        "comparison": null,
        "day": null,
        "order": 10
    }
},
{
    "model": "medications.medicationeffect",
    "pk": 65,
    "fields": {
        "medication": 3,
        "effect": 20,
        "label": null,
        "value": "Take a liquid by mouth everyday",
        "comparison": null,
        "day": null,
        "order": 10
    }
},
{
    "model": "medications.medicationeffect",
    "pk": 66,
    "fields": {
        "medication": 1,
        "effect": 4,
        "label": null,
        "value": "Once you are stable in a few days, you can get a prescription for medication once a week, then once a month",
        "comparison": null,
        "day": null,
        "order": 10
    }
},
{
    "model": "medications.medicationeffect",
    "pk": 67,
    "fields": {
        "medication": 2,
        "effect": 4,
        "label": null,
        "value": "Once you are stable in 1-2 weeks, get injection once a month",
        "comparison": null,
        "day": null,
        "order": 10
    }
},
{
    "model": "medications.medicationeffect",
    "pk": 68,
    "fields": {
        "medication": 4,
        "effect": 4,
        "label": null,
        "value": "No medication to pick up",
        "comparison": null,
        "day": null,
        "order": 10
    }
},
{
    "model": "medications.medicationeffect",
    "pk": 69,
    "fields": {
        "medication": 5,
        "effect": 4,
        "label": null,
        "value": "you may need to obtain opioids every day or many times a day",
        "comparison": null,
        "day": null,
        "order": 10
    }
},
{
    "model": "medications.medicationeffect",
    "pk": 70,
    "fields": {
        "medication": 1,
        "effect": 3,
        "label": null,
        "value": "a tab in the mouth that dissolves every day",
        "comparison": null,
        "day": null,
        "order": 10
    }
},
{
    "model": "medications.medicationeffect",
    "pk": 71,
    "fields": {
        "medication": 2,
        "effect": 3,
        "label": null,
        "value": "an injection in the buttocks every month",
        "comparison": null,
        "day": null,
        "order": 10
    }
},
{
    "model": "medications.medicationeffect",
    "pk": 72,
    "fields": {
        "medication": 4,
        "effect": 3,
        "label": null,
        "value": "no medication to take in the body",
        "comparison": null,
        "day": null,
        "order": 10
    }
},
{
    "model": "medications.medicationeffect",
    "pk": 73,
    "fields": {
        "medication": 5,
        "effect": 3,
        "label": null,
        "value": "pills by mouth, inject or snort,  once or many times a day",
        "comparison": null,
        "day": null,
        "order": 10
    }
},
{
    "model": "medications.medicationeffect",
    "pk": 74,
    "fields": {
        "medication": 1,
        "effect": 7,
        "label": null,
        "value": "headaches",
        "comparison": null,
        "day": null,
        "order": 10
    }
},
{
    "model": "medications.medicationeffect",
    "pk": 75,
    "fields": {
        "medication": 1,
        "effect": 7,
        "label": null,
        "value": "sleep changes",
        "comparison": null,
        "day": null,
        "order": 20
    }
},
{
    "model": "medications.medicationeffect",
    "pk": 76,
    "fields": {
        "medication": 2,
        "effect": 7,
        "label": null,
        "value": "irritation at injection site",
        "comparison": null,
        "day": null,
        "order": 10
    }
},
{
    "model": "medications.medicationeffect",
    "pk": 77,
    "fields": {
        "medication": 4,
        "effect": 7,
        "label": null,
        "value": "high risk of relapse then overdose",
        "comparison": null,
        "day": null,
        "order": 10
    }
},
{
    "model": "medications.medicationeffect",
    "pk": 78,
    "fields": {
        "medication": 5,
        "effect": 7,
        "label": "risk of overdose",
        "value": "6",
        "comparison": "12",
        "day": null,
        "order": 10
    }
},
{
    "model": "medications.medicationeffect",
    "pk": 79,
    "fields": {
        "medication": 5,
        "effect": 7,
        "label": "constipation",
        "value": "6",
        "comparison": "12",
        "day": null,
        "order": 20
    }
},
{
    "model": "medications.medicationeffect",
    "pk": 80,
    "fields": {
        "medication": 5,
        "effect": 7,
        "label": "sexual effects for men and some women",
        "value": "5",
        "comparison": "12",
        "day": null,
        "order": 30
    }
},
{
    "model": "medications.medicationeffect",
    "pk": 81,
    "fields": {
        "medication": 5,
        "effect": 7,
        "label": "if injecting, risk of irritation and infection",
        "value": "7",
        "comparison": "12",
        "day": null,
        "order": 40
    }
},
{
    "model": "medications.medicationeffect",
    "pk": 82,
    "fields": {
        "medication": 1,
        "effect": 8,
        "label": null,
        "value": "$$",
        "comparison": null,
        "day": null,
        "order": 10
    }
},
{
    "model": "medications.medicationeffect",
    "pk": 83,
    "fields": {
        "medication": 2,
        "effect": 8,
        "label": null,
        "value": "$$$",
        "comparison": null,
        "day": null,
        "order": 10
    }
},
{
    "model": "medications.medicationeffect",
    "pk": 84,
    "fields": {
        "medication": 4,
        "effect": 8,
        "label": null,
        "value": null,
        "comparison": null,
        "day": null,
        "order": 10
    }
},
{
    "model": "medications.medicationeffect",
    "pk": 85,
    "fields": {
        "medication": 5,
        "effect": 8,
        "label": null,
        "value": "$$",
        "comparison": null,
        "day": null,
        "order": 10
    }
},
{
    "model": "medications.medicationeffect",
    "pk": 86,
    "fields": {
        "medication": 1,
        "effect": 13,
        "label": null,
        "value": "3",
        "comparison": "5",
        "day": null,
        "order": 10
    }
},
{
    "model": "medications.medicationeffect",
    "pk": 87,
    "fields": {
        "medication": 2,
        "effect": 13,
        "label": null,
        "value": "0",
        "comparison": "5",
        "day": null,
        "order": 10
    }
},
{
    "model": "medications.medicationeffect",
    "pk": 88,
    "fields": {
        "medication": 4,
        "effect": 13,
        "label": null,
        "value": "0",
        "comparison": "5",
        "day": null,
        "order": 10
    }
},
{
    "model": "medications.medicationeffect",
    "pk": 89,
    "fields": {
        "medication": 5,
        "effect": 13,
        "label": null,
        "value": "5",
        "comparison": "5",
        "day": null,
        "order": 10
    }
},
{
    "model": "medications.medicationeffect",
    "pk": 90,
    "fields": {
        "medication": 1,
        "effect": 21,
        "label": null,
        "value": "starts in 1 day, peaks in 3 days, lasts 1 week, cravings can last months.",
        "comparison": null,
        "day": null,
        "order": 10
    }
},
{
    "model": "medications.medicationeffect",
    "pk": 91,
    "fields": {
        "medication": 2,
        "effect": 21,
        "label": null,
        "value": "no withdrawal symptoms, cravings from previous opioid use can last months or years",
        "comparison": null,
        "day": null,
        "order": 10
    }
},
{
    "model": "medications.medicationeffect",
    "pk": 92,
    "fields": {
        "medication": 4,
        "effect": 21,
        "label": null,
        "value": "no withdrawal symptoms, cravings from previous opioid use can last months or years",
        "comparison": null,
        "day": null,
        "order": 10
    }
},
{
    "model": "medications.medicationeffect",
    "pk": 93,
    "fields": {
        "medication": 5,
        "effect": 21,
        "label": null,
        "value": "starts in 6-12 hours, peaks in 1-3 days, lasts 1 week. Cravings can last months or years, decrease with time.",
        "comparison": null,
        "day": null,
        "order": 10
    }
},
{
    "model": "medications.medicationeffect",
    "pk": 94,
    "fields": {
        "medication": 3,
        "effect": 21,
        "label": null,
        "value": "starts 2 days, peaks 3-5 days, lasts 4-6 weeks, cravings can last months or years",
        "comparison": null,
        "day": null,
        "order": 10
    }
},
{
    "model": "medications.medicationeffect",
    "pk": 95,
    "fields": {
        "medication": 1,
        "effect": 14,
        "label": null,
        "value": "2",
        "comparison": "8",
        "day": null,
        "order": 10
    }
},
{
    "model": "medications.medicationeffect",
    "pk": 96,
    "fields": {
        "medication": 2,
        "effect": 14,
        "label": null,
        "value": "2",
        "comparison": "8",
        "day": null,
        "order": 10
    }
},
{
    "model": "medications.medicationeffect",
    "pk": 97,
    "fields": {
        "medication": 4,
        "effect": 14,
        "label": null,
        "value": "5",
        "comparison": "10",
        "day": null,
        "order": 10
    }
},
{
    "model": "medications.medicationeffect",
    "pk": 98,
    "fields": {
        "medication": 5,
        "effect": 14,
        "label": null,
        "value": "10",
        "comparison": "10",
        "day": null,
        "order": 10
    }
},
{
    "model": "chapters.chapter",
    "pk": 2,
    "fields": {
        "order": 1,
        "title": "What is opioid use disorder?",
        "slug": "d1",
        "published": true
    }
},
{
    "model": "chapters.chapter",
    "pk": 3,
    "fields": {
        "order": 2,
        "title": "Treatment",
        "slug": "treatment",
        "published": true
    }
},
{
    "model": "chapters.chapter",
    "pk": 4,
    "fields": {
        "order": 3,
        "title": "Burdens",
        "slug": "burdens",
        "published": true
    }
},
{
    "model": "chapters.chapter",
    "pk": 5,
    "fields": {
        "order": 4,
        "title": "Stopping",
        "slug": "stopping",
        "published": true
    }
},
{
    "model": "chapters.page",
    "pk": 4,
    "fields": {
        "order": 10,
        "title": "What are opioids?",
        "slug": "edit-1",
        "published": true,
        "chapter": 2,
        "content": "<p>Opioids are a type of drug that includes heroin and prescription pain medications.&nbsp;</p>\r\n\r\n<ul>\r\n</ul>",
        "chart": null,
        "quiz": null
    }
},
{
    "model": "chapters.page",
    "pk": 5,
    "fields": {
        "order": 30,
        "title": "What is an opioid use disorder?",
        "slug": "second-page",
        "published": true,
        "chapter": 2,
        "content": "<p><strong>At first,&nbsp;</strong>a person might take these opioid drugs for medical reasons, or because of how these drugs make&nbsp;them feel.</p>",
        "chart": null,
        "quiz": 1
    }
},
{
    "model": "chapters.page",
    "pk": 6,
    "fields": {
        "order": 10,
        "title": "How do you treat opioid use disorder?",
        "slug": "what-does-treatment-for-opioid-use-disorder-look-like",
        "published": true,
        "chapter": 3,
        "content": "<p>We know from research that using medications has <strong>the most success</strong> for opioid use disorder.</p>\r\n\r\n<ul>\r\n</ul>",
        "chart": null,
        "quiz": null
    }
},
{
    "model": "chapters.page",
    "pk": 7,
    "fields": {
        "order": 40,
        "title": "What are my choices for medications?",
        "slug": "what-kind-of-medications-are-there",
        "published": true,
        "chapter": 3,
        "content": "<p>There are 3&nbsp;medications proven to help opioid use disorder.&nbsp;</p>\r\n\r\n<h2>&nbsp;</h2>",
        "chart": null,
        "quiz": null
    }
},
{
    "model": "chapters.page",
    "pk": 10,
    "fields": {
        "order": 10,
        "title": "1. Daily life on medications",
        "slug": "burdens-of-medication",
        "published": true,
        "chapter": 4,
        "content": "<p>This section compares the day to day experience of using medication, including getting started, picking up the medication, taking hte medicine into the body, common side effets, and cost.&nbsp;&nbsp;</p>",
        "chart": null,
        "quiz": null
    }
},
{
    "model": "chapters.page",
    "pk": 11,
    "fields": {
        "order": 10,
        "title": "How Long is Treatment?",
        "slug": "stopping-medications",
        "published": true,
        "chapter": 5,
        "content": "<p>Most patients need to stay in treatment for at least 3-5 years to get the full benefits of medications.&nbsp;If you have had opioid use disorder for a longer time, you may need an even longer time to heal.&nbsp;</p>",
        "chart": 3,
        "quiz": null
    }
},
{
    "model": "chapters.page",
    "pk": 12,
    "fields": {
        "order": 40,
        "title": "What is an opioid use disorder?",
        "slug": "what-is-an-opioid-disorder-2",
        "published": true,
        "chapter": 2,
        "content": "<p><strong>Over time</strong>, some people need to continue taking these drugs just to feel normal, even if it causes problems or even if it takes over their life.</p>\r\n\r\n<p>They can find it difficult to quit on their own.</p>",
        "chart": null,
        "quiz": 3
    }
},
{
    "model": "chapters.page",
    "pk": 27,
    "fields": {
        "order": 20,
        "title": "Will treatment help me feel better?",
        "slug": "2-what-does-treatment-for-opioid-use-disorder-look-like",
        "published": true,
        "chapter": 3,
        "content": "<p><strong>Short-term Effects</strong></p>\r\n\r\n<p>Medicatinos for opioid use disorder can calm the body&rsquo;s system as the body&nbsp;gets used to being away from the drug. Two medication options&nbsp;<strong>treat withdrawal symptoms and decrease&nbsp;cravings</strong>.</p>",
        "chart": null,
        "quiz": null
    }
},
{
    "model": "chapters.page",
    "pk": 28,
    "fields": {
        "order": 30,
        "title": "How does treatment help in the long-term?",
        "slug": "3-what-does-treatment-for-opioid-use-disorder-look-like",
        "published": true,
        "chapter": 3,
        "content": "<p><strong>Long term Effects</strong></p>\r\n\r\n<p>Over time, medications help&nbsp;you:</p>\r\n\r\n<ul>\r\n\t<li>Stay <strong>OFF </strong>illegal opioids</li>\r\n\t<li>Reduce the risk of death from drugs and legal problems</li>\r\n\t<li>Improve your health and mood</li>\r\n\t<li>Help you connect to what matter to you, like family or work&nbsp;</li>\r\n</ul>",
        "chart": null,
        "quiz": null
    }
},
{
    "model": "chapters.page",
    "pk": 29,
    "fields": {
        "order": 50,
        "title": "Methadone",
        "slug": "what-are-my-choices-for-medications",
        "published": true,
        "chapter": 3,
        "content": "<h2>&nbsp;</h2>\r\n\r\n<p>This medication is <strong>taken by mouth, once a day</strong>.</p>\r\n\r\n<p>In the beginning you will need to <strong>go to a clinic every day</strong> to take your&nbsp;medication. As you get stable over several months,&nbsp;you may be able to take medication at home.</p>\r\n\r\n<p>This medicine <strong>treats withdrawal and cravings.</strong> It also means opioids like heroin cannot easily affect you.&nbsp;</p>\r\n\r\n<h2>&nbsp;</h2>",
        "chart": null,
        "quiz": null
    }
},
{
    "model": "chapters.page",
    "pk": 31,
    "fields": {
        "order": 60,
        "title": "Buprenorphine",
        "slug": "3-what-are-my-choices-for-medications",
        "published": true,
        "chapter": 3,
        "content": "<h2>&nbsp;</h2>\r\n\r\n<p>This medication has names like&nbsp;Suboxone&nbsp;or Subutex. It is usually<strong> taken by mouth, once a day</strong>.</p>\r\n\r\n<p>In the beginning <strong>you will need to stop using opioids like heroin for several hours</strong>,&nbsp;then you can start this medicine. After you get to a stable dose, you can take this medication at home.&nbsp;</p>\r\n\r\n<p>There are new versions of this medicine that can be taken by injection (lasts 1 month) or by surgical implant (lasts 6 months). These are not available now but will be in the future.&nbsp;</p>\r\n\r\n<p>This medicine treats withdrawals and cravings. It can partially block the effect of opioids like heroin</p>",
        "chart": null,
        "quiz": null
    }
},
{
    "model": "chapters.page",
    "pk": 32,
    "fields": {
        "order": 70,
        "title": "Naltrexone",
        "slug": "4-what-does-treatment-for-opioid-use-disorder-look-like",
        "published": true,
        "chapter": 3,
        "content": "<p>This medication is also called Vivitrol. It is&nbsp;<strong>taken as&nbsp;an injection, in the buttocks, once a month</strong>.</p>\r\n\r\n<p>The pill version does not work as well&nbsp;for opioid disorder, only for alcohol.</p>\r\n\r\n<p><strong>You must stop using any opioids for at least 7 days before starting</strong> this medication. You can get the injection in the clinic.&nbsp;</p>\r\n\r\n<p>This medicine does <strong>not </strong>treat withdrawals; it helps a little bit with&nbsp;cravings. Instead you will get different medicines during the first 7 days to help with detox. This medicine blocks opioids like heroin.&nbsp;</p>\r\n\r\n<p>&nbsp;</p>",
        "chart": null,
        "quiz": null
    }
},
{
    "model": "chapters.page",
    "pk": 33,
    "fields": {
        "order": 80,
        "title": "What is in common for all these medicines?",
        "slug": "5-what-are-my-choices-for-medications",
        "published": true,
        "chapter": 3,
        "content": "<p>All of these medications must be taken at the<strong> right dose</strong> and for a long time:</p>\r\n\r\n<p><span style=\"background-color:#eeeeee\">Most patients need 3-5 years&nbsp;to let the brain heal, some longer.</span></p>\r\n\r\n<p>Methadone and buprenorphine help withdrawals. All the medicines decrease the risk of death, reduce opioid use,&nbsp;reduce cravings, and help people function better -- meaning thinking and feeling better, better health, relationships, ability to work, and less legal problems.</p>",
        "chart": null,
        "quiz": null
    }
},
{
    "model": "chapters.page",
    "pk": 34,
    "fields": {
        "order": 90,
        "title": "Comparing the Benefits of Medications",
        "slug": "6-what-are-my-choices-for-medications",
        "published": true,
        "chapter": 3,
        "content": "<p>Here you can see how the different medicines compare to each other and with no medicine.&nbsp;&nbsp;</p>\r\n\r\n<p>The bigger the solid circle, the bigger the benefit for that option and category.&nbsp;</p>\r\n\r\n<p><em>Click on the row to learn more.&nbsp;</em></p>",
        "chart": 1,
        "quiz": null
    }
},
{
    "model": "chapters.page",
    "pk": 35,
    "fields": {
        "order": 20,
        "title": "2. Daily Life on Medications",
        "slug": "2-daily-life-on-medications",
        "published": true,
        "chapter": 4,
        "content": "",
        "chart": 2,
        "quiz": null
    }
},
{
    "model": "chapters.page",
    "pk": 36,
    "fields": {
        "order": 20,
        "title": "How do I end treatment?",
        "slug": "how-do-i-end-treatment",
        "published": true,
        "chapter": 5,
        "content": "<p>If you and your doctor decide it is time to end treatment, this can be done slowly so you will not have much withdrawal symptoms.&nbsp;</p>",
        "chart": null,
        "quiz": null
    }
},
{
    "model": "chapters.page",
    "pk": 37,
    "fields": {
        "order": 30,
        "title": "What happens if I stop treatment on my own?",
        "slug": "what-happens-if-i-stop-treatment-on-my-own",
        "published": true,
        "chapter": 5,
        "content": "<p>If treatment is stopped quickly, on your own or because of things outside your control, you can have withdrawal symptoms.&nbsp;</p>\r\n\r\n<p>An important thing to remember is after you stop using opioids or medications for a while, your <em>tolerance </em>opioids go down - that means your body is not used to the opioids anymore. That means if there is relapse and you use again,&nbsp;there is a higher risk of overdose.&nbsp;&nbsp;</p>",
        "chart": null,
        "quiz": null
    }
},
{
    "model": "chapters.page",
    "pk": 38,
    "fields": {
        "order": 40,
        "title": "Stopping medications suddenly",
        "slug": "stopping-medications-suddenly",
        "published": true,
        "chapter": 5,
        "content": "",
        "chart": 3,
        "quiz": null
    }
},
{
    "model": "chapters.page",
    "pk": 39,
    "fields": {
        "order": 20,
        "title": "Examples of opioids",
        "slug": "examples-of-opioids",
        "published": true,
        "chapter": 2,
        "content": "<p>&nbsp;</p>\r\n\r\n<ul>\r\n\t<li>Percocet</li>\r\n\t<li>Vicodin</li>\r\n\t<li>oxycodone</li>\r\n\t<li>Oxycontin Dilaudid</li>\r\n\t<li>Fentanyl</li>\r\n</ul>",
        "chart": null,
        "quiz": null
    }
},
{
    "model": "quizes.quiz",
    "pk": 1,
    "fields": {
        "title": "Have you ever taken any of the following drugs?",
        "slug": "have-you-ever-taken-any-of-the-following-drugs",
        "description": "Have you ever taken any of the following drugs",
        "points_to_pass": 3
    }
},
{
    "model": "quizes.quiz",
    "pk": 3,
    "fields": {
        "title": "Do I have opioid use disorder?",
        "slug": "do-i-have-opioid-use-disorder",
        "description": "Based on your previous use of opioids, answer the following questions:",
        "points_to_pass": 3
    }
},
{
    "model": "quizes.question",
    "pk": 1,
    "fields": {
        "text": "Heroin",
        "quiz": 1,
        "order": 10
    }
},
{
    "model": "quizes.question",
    "pk": 2,
    "fields": {
        "text": "Methadone",
        "quiz": 1,
        "order": 20
    }
},
{
    "model": "quizes.question",
    "pk": 3,
    "fields": {
        "text": "Buprenorphine",
        "quiz": 1,
        "order": 30
    }
},
{
    "model": "quizes.question",
    "pk": 4,
    "fields": {
        "text": "Morphine",
        "quiz": 1,
        "order": 40
    }
},
{
    "model": "quizes.question",
    "pk": 5,
    "fields": {
        "text": "MS Contin",
        "quiz": 1,
        "order": 50
    }
},
{
    "model": "quizes.question",
    "pk": 6,
    "fields": {
        "text": "Oxycontin",
        "quiz": 1,
        "order": 60
    }
},
{
    "model": "quizes.question",
    "pk": 7,
    "fields": {
        "text": "Oxycodone",
        "quiz": 1,
        "order": 70
    }
},
{
    "model": "quizes.question",
    "pk": 8,
    "fields": {
        "text": "Other opioid analgesics",
        "quiz": 1,
        "order": 80
    }
},
{
    "model": "quizes.question",
    "pk": 9,
    "fields": {
        "text": "Did you ever need to use more opioids to get the same high as when you first started using opioids?",
        "quiz": 3,
        "order": 10
    }
},
{
    "model": "quizes.question",
    "pk": 10,
    "fields": {
        "text": "Did the idea of missing a fix (or dose) ever make you anxious or worried?",
        "quiz": 3,
        "order": 20
    }
},
{
    "model": "quizes.question",
    "pk": 11,
    "fields": {
        "text": "In the morning, did you ever use opioids to keep from feeling \"dope sick\" or did you ever feel \"dope sick\"?",
        "quiz": 3,
        "order": 30
    }
},
{
    "model": "quizes.question",
    "pk": 12,
    "fields": {
        "text": "Did you worry about your use of opioids?",
        "quiz": 3,
        "order": 40
    }
},
{
    "model": "quizes.question",
    "pk": 13,
    "fields": {
        "text": "Did you find it difficult to stop or not use opioids?",
        "quiz": 3,
        "order": 50
    }
},
{
    "model": "quizes.question",
    "pk": 14,
    "fields": {
        "text": "Did you ever need to spend a lot of time/energy on finding opioids or recovering from feeling high?",
        "quiz": 3,
        "order": 60
    }
},
{
    "model": "quizes.question",
    "pk": 15,
    "fields": {
        "text": "Did you ever miss important things like doctor's appointments, family/friend activities, or other things because of opioids?",
        "quiz": 3,
        "order": 70
    }
}
]
