[{"model": "contenttypes.contenttype", "pk": 1, "fields": {"app_label": "admin", "model": "logentry"}}, {"model": "contenttypes.contenttype", "pk": 2, "fields": {"app_label": "auth", "model": "permission"}}, {"model": "contenttypes.contenttype", "pk": 3, "fields": {"app_label": "auth", "model": "group"}}, {"model": "contenttypes.contenttype", "pk": 4, "fields": {"app_label": "auth", "model": "user"}}, {"model": "contenttypes.contenttype", "pk": 5, "fields": {"app_label": "contenttypes", "model": "contenttype"}}, {"model": "contenttypes.contenttype", "pk": 6, "fields": {"app_label": "sessions", "model": "session"}}, {"model": "contenttypes.contenttype", "pk": 7, "fields": {"app_label": "medications", "model": "effect"}}, {"model": "contenttypes.contenttype", "pk": 8, "fields": {"app_label": "medications", "model": "medication"}}, {"model": "contenttypes.contenttype", "pk": 9, "fields": {"app_label": "medications", "model": "medicationeffect"}}, {"model": "contenttypes.contenttype", "pk": 10, "fields": {"app_label": "charts", "model": "chart"}}, {"model": "contenttypes.contenttype", "pk": 11, "fields": {"app_label": "charts", "model": "chartmedication"}}, {"model": "contenttypes.contenttype", "pk": 12, "fields": {"app_label": "charts", "model": "charteffect"}}, {"model": "contenttypes.contenttype", "pk": 13, "fields": {"app_label": "chapters", "model": "chapter"}}, {"model": "contenttypes.contenttype", "pk": 14, "fields": {"app_label": "chapters", "model": "page"}}, {"model": "contenttypes.contenttype", "pk": 15, "fields": {"app_label": "quizes", "model": "question"}}, {"model": "contenttypes.contenttype", "pk": 16, "fields": {"app_label": "quizes", "model": "quiz"}}, {"model": "contenttypes.contenttype", "pk": 17, "fields": {"app_label": "medication_icons", "model": "icon"}}, {"model": "sessions.session", "pk": "0bgrfe5ockpiqwix5eeeyq9m4m1ncul4", "fields": {"session_data": "ODA5ODc0ZmVmZTBkN2ZhZTA0YTBkYjY0YTVkYTgxNDMxNTdiNzg2ZTp7Il9hdXRoX3VzZXJfaWQiOiIxIiwiX2F1dGhfdXNlcl9iYWNrZW5kIjoiZGphbmdvLmNvbnRyaWIuYXV0aC5iYWNrZW5kcy5Nb2RlbEJhY2tlbmQiLCJfYXV0aF91c2VyX2hhc2giOiJmMTA5NzQ3YjQzYWEwMjYzYjdmYjA2ZWMwZTI1NzEzZmMwMTFhZGJiIn0=", "expire_date": "2019-06-21T15:17:20.923Z"}}, {"model": "sessions.session", "pk": "3ivlljz4hcv5gg8os0mzzefzocvni445", "fields": {"session_data": "ODA5ODc0ZmVmZTBkN2ZhZTA0YTBkYjY0YTVkYTgxNDMxNTdiNzg2ZTp7Il9hdXRoX3VzZXJfaWQiOiIxIiwiX2F1dGhfdXNlcl9iYWNrZW5kIjoiZGphbmdvLmNvbnRyaWIuYXV0aC5iYWNrZW5kcy5Nb2RlbEJhY2tlbmQiLCJfYXV0aF91c2VyX2hhc2giOiJmMTA5NzQ3YjQzYWEwMjYzYjdmYjA2ZWMwZTI1NzEzZmMwMTFhZGJiIn0=", "expire_date": "2019-05-29T19:02:46.849Z"}}, {"model": "sessions.session", "pk": "5z882dbycp137eamzwym2s4gfm0gozgg", "fields": {"session_data": "ODA5ODc0ZmVmZTBkN2ZhZTA0YTBkYjY0YTVkYTgxNDMxNTdiNzg2ZTp7Il9hdXRoX3VzZXJfaWQiOiIxIiwiX2F1dGhfdXNlcl9iYWNrZW5kIjoiZGphbmdvLmNvbnRyaWIuYXV0aC5iYWNrZW5kcy5Nb2RlbEJhY2tlbmQiLCJfYXV0aF91c2VyX2hhc2giOiJmMTA5NzQ3YjQzYWEwMjYzYjdmYjA2ZWMwZTI1NzEzZmMwMTFhZGJiIn0=", "expire_date": "2019-07-05T18:22:09.818Z"}}, {"model": "sessions.session", "pk": "68a1tevl5do0da1b35uz48fj4cjnhx9d", "fields": {"session_data": "ODA5ODc0ZmVmZTBkN2ZhZTA0YTBkYjY0YTVkYTgxNDMxNTdiNzg2ZTp7Il9hdXRoX3VzZXJfaWQiOiIxIiwiX2F1dGhfdXNlcl9iYWNrZW5kIjoiZGphbmdvLmNvbnRyaWIuYXV0aC5iYWNrZW5kcy5Nb2RlbEJhY2tlbmQiLCJfYXV0aF91c2VyX2hhc2giOiJmMTA5NzQ3YjQzYWEwMjYzYjdmYjA2ZWMwZTI1NzEzZmMwMTFhZGJiIn0=", "expire_date": "2019-06-23T23:25:18.259Z"}}, {"model": "sessions.session", "pk": "7ek6a9dt5pgx44emxdmww6v0mkp0l2cc", "fields": {"session_data": "ODA5ODc0ZmVmZTBkN2ZhZTA0YTBkYjY0YTVkYTgxNDMxNTdiNzg2ZTp7Il9hdXRoX3VzZXJfaWQiOiIxIiwiX2F1dGhfdXNlcl9iYWNrZW5kIjoiZGphbmdvLmNvbnRyaWIuYXV0aC5iYWNrZW5kcy5Nb2RlbEJhY2tlbmQiLCJfYXV0aF91c2VyX2hhc2giOiJmMTA5NzQ3YjQzYWEwMjYzYjdmYjA2ZWMwZTI1NzEzZmMwMTFhZGJiIn0=", "expire_date": "2019-07-03T15:06:24.470Z"}}, {"model": "sessions.session", "pk": "7gr77ty305j25xmbtequmqq7zozjne5z", "fields": {"session_data": "ODA5ODc0ZmVmZTBkN2ZhZTA0YTBkYjY0YTVkYTgxNDMxNTdiNzg2ZTp7Il9hdXRoX3VzZXJfaWQiOiIxIiwiX2F1dGhfdXNlcl9iYWNrZW5kIjoiZGphbmdvLmNvbnRyaWIuYXV0aC5iYWNrZW5kcy5Nb2RlbEJhY2tlbmQiLCJfYXV0aF91c2VyX2hhc2giOiJmMTA5NzQ3YjQzYWEwMjYzYjdmYjA2ZWMwZTI1NzEzZmMwMTFhZGJiIn0=", "expire_date": "2019-07-08T18:22:02.251Z"}}, {"model": "sessions.session", "pk": "9lx3q1kwbwqfmgr9b7hespcyuuozfdrj", "fields": {"session_data": "ODA5ODc0ZmVmZTBkN2ZhZTA0YTBkYjY0YTVkYTgxNDMxNTdiNzg2ZTp7Il9hdXRoX3VzZXJfaWQiOiIxIiwiX2F1dGhfdXNlcl9iYWNrZW5kIjoiZGphbmdvLmNvbnRyaWIuYXV0aC5iYWNrZW5kcy5Nb2RlbEJhY2tlbmQiLCJfYXV0aF91c2VyX2hhc2giOiJmMTA5NzQ3YjQzYWEwMjYzYjdmYjA2ZWMwZTI1NzEzZmMwMTFhZGJiIn0=", "expire_date": "2019-06-21T15:09:58.176Z"}}, {"model": "sessions.session", "pk": "fgyvhxfxrq9o18cutg7yl41vifbukbmm", "fields": {"session_data": "ODA5ODc0ZmVmZTBkN2ZhZTA0YTBkYjY0YTVkYTgxNDMxNTdiNzg2ZTp7Il9hdXRoX3VzZXJfaWQiOiIxIiwiX2F1dGhfdXNlcl9iYWNrZW5kIjoiZGphbmdvLmNvbnRyaWIuYXV0aC5iYWNrZW5kcy5Nb2RlbEJhY2tlbmQiLCJfYXV0aF91c2VyX2hhc2giOiJmMTA5NzQ3YjQzYWEwMjYzYjdmYjA2ZWMwZTI1NzEzZmMwMTFhZGJiIn0=", "expire_date": "2019-07-05T18:35:13.386Z"}}, {"model": "sessions.session", "pk": "lrtv6d4dwkklyl1f4k1e52t4rdwhcjem", "fields": {"session_data": "ODA5ODc0ZmVmZTBkN2ZhZTA0YTBkYjY0YTVkYTgxNDMxNTdiNzg2ZTp7Il9hdXRoX3VzZXJfaWQiOiIxIiwiX2F1dGhfdXNlcl9iYWNrZW5kIjoiZGphbmdvLmNvbnRyaWIuYXV0aC5iYWNrZW5kcy5Nb2RlbEJhY2tlbmQiLCJfYXV0aF91c2VyX2hhc2giOiJmMTA5NzQ3YjQzYWEwMjYzYjdmYjA2ZWMwZTI1NzEzZmMwMTFhZGJiIn0=", "expire_date": "2019-05-29T02:23:05.242Z"}}, {"model": "sessions.session", "pk": "ovtit4glkl2831mcoqz6y1uto10fs4iv", "fields": {"session_data": "ODA5ODc0ZmVmZTBkN2ZhZTA0YTBkYjY0YTVkYTgxNDMxNTdiNzg2ZTp7Il9hdXRoX3VzZXJfaWQiOiIxIiwiX2F1dGhfdXNlcl9iYWNrZW5kIjoiZGphbmdvLmNvbnRyaWIuYXV0aC5iYWNrZW5kcy5Nb2RlbEJhY2tlbmQiLCJfYXV0aF91c2VyX2hhc2giOiJmMTA5NzQ3YjQzYWEwMjYzYjdmYjA2ZWMwZTI1NzEzZmMwMTFhZGJiIn0=", "expire_date": "2019-06-25T03:17:16.264Z"}}, {"model": "sessions.session", "pk": "sh8gxh5t20tb51l9hyffw3v5rgrclmdp", "fields": {"session_data": "ODA5ODc0ZmVmZTBkN2ZhZTA0YTBkYjY0YTVkYTgxNDMxNTdiNzg2ZTp7Il9hdXRoX3VzZXJfaWQiOiIxIiwiX2F1dGhfdXNlcl9iYWNrZW5kIjoiZGphbmdvLmNvbnRyaWIuYXV0aC5iYWNrZW5kcy5Nb2RlbEJhY2tlbmQiLCJfYXV0aF91c2VyX2hhc2giOiJmMTA5NzQ3YjQzYWEwMjYzYjdmYjA2ZWMwZTI1NzEzZmMwMTFhZGJiIn0=", "expire_date": "2019-06-05T18:38:03.799Z"}}, {"model": "sessions.session", "pk": "uopl0y57rx4xd95l4ovg9ocp86jgghpq", "fields": {"session_data": "ODA5ODc0ZmVmZTBkN2ZhZTA0YTBkYjY0YTVkYTgxNDMxNTdiNzg2ZTp7Il9hdXRoX3VzZXJfaWQiOiIxIiwiX2F1dGhfdXNlcl9iYWNrZW5kIjoiZGphbmdvLmNvbnRyaWIuYXV0aC5iYWNrZW5kcy5Nb2RlbEJhY2tlbmQiLCJfYXV0aF91c2VyX2hhc2giOiJmMTA5NzQ3YjQzYWEwMjYzYjdmYjA2ZWMwZTI1NzEzZmMwMTFhZGJiIn0=", "expire_date": "2019-06-23T00:15:14.273Z"}}, {"model": "medications.medication", "pk": 1, "fields": {"name": "Buprenorphine", "slug": "buprenorphine"}}, {"model": "medications.medication", "pk": 2, "fields": {"name": "Naltrexone", "slug": "naltrexone"}}, {"model": "medications.medication", "pk": 3, "fields": {"name": "Methadone", "slug": "methadone"}}, {"model": "medications.medication", "pk": 4, "fields": {"name": "No Medicine", "slug": "no-medicine"}}, {"model": "medications.medication", "pk": 5, "fields": {"name": "Continue Using", "slug": "continue-using"}}, {"model": "medications.effect", "pk": 1, "fields": {"name": "Symptom Relief", "slug": "symptom-relief", "category": "icon", "description": "<p>When stopping opioids you can get cravings for the drug and withdrawal symptoms:&nbsp; body aches, anxiety, fatigue, sweating, fatigue, nausea, vomiting and diarrhea.</p>\r\n\r\n<p>Methadone and buprenorphine stop withdrawal symptoms and reduce cravings.&nbsp;Naltrexone does not stop withdrawal but helps a little bit with craving in the long term.</p>"}}, {"model": "medications.effect", "pk": 2, "fields": {"name": "Where do I take the medication?", "slug": "location", "category": null, "description": null}}, {"model": "medications.effect", "pk": 3, "fields": {"name": "How does medicine get in my body?", "slug": "treatment", "category": "icon", "description": ""}}, {"model": "medications.effect", "pk": 4, "fields": {"name": "Where do I take the medicine for the first 3 months?", "slug": "refill", "category": "icon", "description": "<p>In the beginning, methadone must be supervised - you must come into the clinic everyday to receive your dose. If you are stable after 3 months you can begin to take it at home&nbsp;</p>\r\n\r\n<p>Buprenorphine can be taken at home after you are stable in a few days.&nbsp;</p>\r\n\r\n<p>Naltrexone injection must be given in a clinic, but its given every month</p>"}}, {"model": "medications.effect", "pk": 5, "fields": {"name": "How do I start treatment?", "slug": "starting", "category": null, "description": "<p>Methadone can be started immediately.&nbsp;</p>\r\n\r\n<p>Buprenorphine requires several hours of being away from opioids before starting</p>\r\n\r\n<p>Naltrexone requires complete detoxification from opioids before starting. You will be offered other medications for relief during this time.&nbsp;</p>"}}, {"model": "medications.effect", "pk": 7, "fields": {"name": "Common side effects", "slug": "side-effects", "category": "icon", "description": "<p><img alt=\"undefined\" src=\"https://storage.googleapis.com/opioid-mat-static/CACHE/images/icons/sleepy/c3466c90638bc16a64e43b3c2fb07514.png?Expires=1561638360&amp;GoogleAccessId=opioid-mat-server%40opioid-mat.iam.gserviceaccount.com&amp;Signature=A3VBnCVP%2By%2Fl2vauYtRW2kgCBE63Sc%2FJs5scdJOfRvDdIMekJN8ZbnTy6R9tnGNnudx%2FdL%2BAlhZrJsjJj%2Fax4cZB%2FsWP7SeKgXn8yhnEeB54TPt4LfyGmTVIF7OJh4dk9%2FfHsjghWXbybX4S%2BJr5lqRLPVhBSR5rQ%2B8zXFSBRUiO6mwUrF2O%2BZxrJYolY9JMUYOlbn%2BvfeDuSfQLZNfCHI3nbdaIloRaKTTnFTbQfL3emHFxhW7O7YHdJmYb81HHVdOBelLdH7gWaTxa84dxaWbLBlNOrccjeNG78pt9xWScMJLRZVya9Fs7hHLNS941eZfDdtHYVOAmse%2FCAaUnYg%3D%3D\" />&nbsp;sleeping problems (too sleepy or insomnia) is most common in methadone, bupenorphine&nbsp;and opioids like heroin&nbsp;</p>\r\n\r\n<p><img alt=\"undefined\" src=\"https://storage.googleapis.com/opioid-mat-static/CACHE/images/icons/gain-weight/2249d577159bd5c5f9b216cf909cc8d9.png?Expires=1561638360&amp;GoogleAccessId=opioid-mat-server%40opioid-mat.iam.gserviceaccount.com&amp;Signature=B2K8UiD1mR3G2nYs1%2FLlHH0P4VeazkjijCwKCN2iacxf%2BhCw00Sb2TyskUKsQT%2FDZruE%2B1zk%2FkbWOeAWwvkT2c8yoJ2tvwPZ9vr26109wix%2ByAif1E8L6WikPf6E6QmKy97R83UXHqdOUAWu2oCbxsEqzH6MGmL0HJKWAoYgUlmFZfMBGMglQorrUPvU1I4NVIsGkDxYHxbK0nTt%2F5dxHaxWrsLAnEyBC1onyrbfZdde2AgRaH39goSzpoKfPtR9EIZJz1VFFyXo8SVf8EOkKB6Ncqf%2Bp%2B4oEXB5subWbXrDMSdsFtEWjm69uw8iTg2ZY6bSFVSRMExA63%2FLiEeJPw%3D%3D\" />weight gain is most common in methadone</p>\r\n\r\n<p><img alt=\"undefined\" src=\"https://storage.googleapis.com/opioid-mat-static/CACHE/images/icons/constipation/4de4e25d828f4922762598580f416a8f.png?Expires=1561638360&amp;GoogleAccessId=opioid-mat-server%40opioid-mat.iam.gserviceaccount.com&amp;Signature=QF53%2B8Yh2wrXNP9hUl0prTPLiIncqBUg82dogBlGY3853%2FR9PEmnfqqEms4M59pv6wchpaDS%2B%2BgY7cxDLdSLvR25F4H5RNqNC9B7RDENGXBUHkBH5laACsWlihfdIfLG4sPYln%2F0PwRixyK1DQhoBWVgKD9VtfdBXwuvYjZ%2FZ0MVQP2fUPKF2dQqdP%2FsKBC2UNotWVq%2F%2BILcwbbNTeQa%2Fj8o%2BcxPcYpkm6svwudUC3KwKV8Qy9Uao8Tfm%2FswnMD2W1y53678cd8JhjB%2B%2FNI%2FuXx0BqirLHqaIeOxbB9g5PgVMbESADGJlEIN8PM0UQtpOKMVMm2MI4PHUXjUd1peVw%3D%3D\" />constipation is most common in methadone and opioids like heroin</p>\r\n\r\n<p><img alt=\"undefined\" src=\"https://storage.googleapis.com/opioid-mat-static/CACHE/images/icons/sex/a1f4056e5ae4315b378a6ed2829d5e75.png?Expires=1561638360&amp;GoogleAccessId=opioid-mat-server%40opioid-mat.iam.gserviceaccount.com&amp;Signature=NoFYrBO%2BsUzKdIqye2vtwpZwHdMrTbIFhPEagoXZRLaAXT6zLO7XXJB2yKBLrPABY3qg8jy8WXz9O7nF1C24ZfxKSl0kZzyomKJMl4hHZbxSLAyVnL1xGrZTgqHTUySVhG0zSHNGIsNxvwq3oUorFitoFkuRRTzzIDFFtuhVCTpGcr9SG7tKOXv4lflWU7Qrb6ouJtwh8n1fgovEw2RvMYdQOtH7lTOWjxYP7lnxnJ6iDReLjo9vtGpA2tNirp%2FdgHDJVHRz7NuF1hlzGQEwzRpnr%2F6C7jYfGdnLGjIYNoDV5gbDryQ6jB4ntYI4a1c27Lcmaus%2BZD4YVpY7p72wbg%3D%3D\" />sexual side effects are most common in methadone and opioids like heroin&nbsp;</p>\r\n\r\n<p><img alt=\"undefined\" src=\"https://storage.googleapis.com/opioid-mat-static/CACHE/images/icons/headache/ff6af1a202812ab678dcc8066f3d5498.png?Expires=1561638361&amp;GoogleAccessId=opioid-mat-server%40opioid-mat.iam.gserviceaccount.com&amp;Signature=xHGnOV7SwI2k0VsDxN%2B5ou%2BdZsjbMv%2BGucZ0ajN9F8rLL9sW2OMV0wWScBsy5I6g3wrgw2vMPaI4ofG%2BkWKj7myPINARcXLaWp6pZ2uzQE1OnFmXRVLLq82bR0bfEAarRCYWXjCcr44GzPOAHTpgVINvPC59taGBSc4D8hnoog%2F69YMFovUArr4dG4TYFHXOBq1dk0u43VwejNaufqut9aubSQpTWxE6%2BhyQk8dSXJZ%2B9QULf%2F9V7M0xj3yOBetRa76dHTdP5hYHd0X0iBuuwt5SEWi4GD5ScmyGI0ik4JaBpKdPOv2ws70Y4F5Dk0fxFcnpJvVLn9Zdi8o6eRoaOw%3D%3D\" />&nbsp;headaches are most common in buprenorphine&nbsp;</p>\r\n\r\n<p><img alt=\"undefined\" src=\"https://storage.googleapis.com/opioid-mat-static/CACHE/images/icons/injection-pain/6250717b74f19c64dacba901ed0a183e.png?Expires=1561638361&amp;GoogleAccessId=opioid-mat-server%40opioid-mat.iam.gserviceaccount.com&amp;Signature=NCfIe3kj3VuOOrRFp1VkQReXdqLujZ2wjVoHzLlQfw4alYIl%2FhVPDzcErvrEZ7KK8Mhn3PyIRKposMsd7%2BFFlVzBTiu93MLUM1CEaypoLr7%2BAuda3vNTh4V6qtEwpRFLKC49F9y8%2B%2BusYid9N3FXPQUhYkI2g9XPsnqN%2FQtKg%2FXgcwZkEblKXrEK0KNTErnK9M2dOio1DBiw6lybFy4vM3xX1ODhEBc9yj88EKYQ%2FWK5P0Tp4ySzUKYMmtUpfT5CK%2FQnBUNvuGB1KK5%2FGzew%2BkR43j%2B%2F%2FJsNDqeA9KrqWbbfq5eUugKQTz5i5yHvLtI1moVztFKiAUfMYfJe%2BT6TDQ%3D%3D\" />&nbsp;injection pain is most common with naltrexone and opioids like heroin if injected</p>"}}, {"model": "medications.effect", "pk": 8, "fields": {"name": "Cost without insurance", "slug": "cost", "category": null, "description": "<p>Methadone: $300 per month (much lower with insurance)&nbsp;</p>\r\n\r\n<p>Buprenorphine sublingual: $200 per month (lower with insurance)&nbsp;</p>\r\n\r\n<p>Naltrexone: $1350 per month (may be lower with insurance)&nbsp;</p>\r\n\r\n<p>No medication: $1800 per month, estimated&nbsp;</p>\r\n\r\n<p>&nbsp;</p>"}}, {"model": "medications.effect", "pk": 10, "fields": {"name": "Discomfort", "slug": "discomfort", "category": null, "description": null}}, {"model": "medications.effect", "pk": 11, "fields": {"name": "Risk of Death Without Treatment", "slug": "mortality", "category": "icon", "description": ""}}, {"model": "medications.effect", "pk": 12, "fields": {"name": "Risk of relapse", "slug": "relapse", "category": null, "description": "<p>The longer you stay on medications like methadone and buprenorphine, the&nbsp;longer you are able to stay off opioids like heroin.</p>\r\n\r\n<p>Naltrexone also helps you staff off opioids as long as you continue to use it. Some people have trouble staying on this medication.&nbsp;</p>"}}, {"model": "medications.effect", "pk": 13, "fields": {"name": "Intensity of withdrawal if you stop", "slug": "stoppingWithdrawl", "category": "circle", "description": "<p>Methadone: intense as opioids like heroin, lasts 6 weeks</p>\r\n\r\n<p>Buprenorphine: milder than opioids like heroin, lasts 1 week</p>\r\n\r\n<p>Naltrexone: no withdrawal&nbsp;</p>\r\n\r\n<p>Stopping without medication: no withdrawal but high risk of relapse</p>\r\n\r\n<p>Using opioids like heroin: intense, lasts 1 week&nbsp;</p>\r\n\r\n<p>&nbsp;</p>"}}, {"model": "medications.effect", "pk": 14, "fields": {"name": "Risk of death right after stopping", "slug": "stoppingMortality", "category": "timeline", "description": "<p>Stopping methadone:&nbsp;High, then goes down, higher than using.&nbsp;</p>\r\n\r\n<p>Stopping buprenorphine:&nbsp;High, then goes down, higher than using.</p>\r\n\r\n<p>Stopping Naltrexone:&nbsp;High, then goes down, higher than using.</p>\r\n\r\n<p>No medicine: Can be higher than continuing to use</p>\r\n\r\n<p>Continuing to Use: HIgher than being on medicine&nbsp;</p>\r\n\r\n<p>&nbsp;</p>"}}, {"model": "medications.effect", "pk": 15, "fields": {"name": "Life saving", "slug": "life-saving", "category": "icon", "description": "<p>Opioid use disorder increases the risk of death, from overdose, infection and other problems.</p>\r\n\r\n<p>In a room of 30 people with opioid use disorder, 3 people can die.&nbsp;&nbsp;</p>\r\n\r\n<p>Medications help save lives by reducing this risk by&nbsp;half</p>\r\n\r\n<p>&nbsp;</p>"}}, {"model": "medications.effect", "pk": 16, "fields": {"name": "Stop Relapse", "slug": "relapsePrevention", "category": "icon", "description": "<p>The longer you stay on medications like methadone and buprenorphine, the&nbsp;longer you are able to stay off opioids like heroin.</p>\r\n\r\n<p>Naltrexone also helps you staff off opioids as long as you continue to use it. Some people have trouble staying on this medication.&nbsp;</p>\r\n\r\n<p>Stopping opioid use without medication has a high risk of relapse.&nbsp;</p>"}}, {"model": "medications.effect", "pk": 19, "fields": {"name": "Life Function", "slug": "legal", "category": "icon", "description": "<p>Research shows medication&nbsp;can improve your abilities for day-to-day life</p>\r\n\r\n<p>(1)&nbsp;&darr; Legal problems - you will less likely be arrested&nbsp;</p>\r\n\r\n<p>(2)&nbsp;&uarr; Relationships - you will&nbsp;improve your relationships with friends or family&nbsp;</p>\r\n\r\n<p>(3)&nbsp;&uarr; Employment - you will more likely be able to work&nbsp;</p>\r\n\r\n<p>Stopping opioid use without medication you will get&nbsp;better at first, but there is a high risk of relapse and then getting worse.&nbsp;</p>"}}, {"model": "medications.effect", "pk": 20, "fields": {"name": "How the medicine gets in the body", "slug": "medicine-in-body", "category": "list", "description": "<p>Methadone is a liquid taken by mouth&nbsp;</p>\r\n\r\n<p>Buprenorphine is a pill or dissolvable tab taken by mouth</p>\r\n\r\n<p>Naltrexone is an injection in the buttocks</p>\r\n\r\n<p>Opioids like heroin can be taken as pills by mouth, snorting, or by injection</p>"}}, {"model": "medications.effect", "pk": 21, "fields": {"name": "How long is withdrawal if you stop", "slug": "withdrawal-duration", "category": null, "description": "<p>Expand: pics&nbsp;</p>\r\n\r\n<p>mmt wd</p>\r\n\r\n<p>bpn wd</p>\r\n\r\n<p>heroin wd</p>\r\n\r\n<p>&nbsp;</p>"}}, {"model": "medications.medicationeffect", "pk": 1, "fields": {"medication": 1, "effect": 1, "icon": 19, "label": null, "value": "4", "comparison": "4", "day": null, "order": null}}, {"model": "medications.medicationeffect", "pk": 2, "fields": {"medication": 3, "effect": 1, "icon": 19, "label": null, "value": "4", "comparison": "4", "day": null, "order": null}}, {"model": "medications.medicationeffect", "pk": 3, "fields": {"medication": 2, "effect": 1, "icon": 18, "label": null, "value": "1", "comparison": "4", "day": null, "order": null}}, {"model": "medications.medicationeffect", "pk": 4, "fields": {"medication": 4, "effect": 1, "icon": 18, "label": null, "value": "0", "comparison": "4", "day": null, "order": null}}, {"model": "medications.medicationeffect", "pk": 5, "fields": {"medication": 5, "effect": 1, "icon": 19, "label": null, "value": "0", "comparison": "4", "day": null, "order": null}}, {"model": "medications.medicationeffect", "pk": 6, "fields": {"medication": 3, "effect": 15, "icon": 20, "label": null, "value": "3", "comparison": "4", "day": null, "order": null}}, {"model": "medications.medicationeffect", "pk": 7, "fields": {"medication": 1, "effect": 15, "icon": 20, "label": null, "value": "3", "comparison": "4", "day": null, "order": null}}, {"model": "medications.medicationeffect", "pk": 8, "fields": {"medication": 2, "effect": 15, "icon": 20, "label": null, "value": "2", "comparison": "4", "day": null, "order": null}}, {"model": "medications.medicationeffect", "pk": 9, "fields": {"medication": 4, "effect": 15, "icon": 18, "label": null, "value": "0", "comparison": "4", "day": null, "order": null}}, {"model": "medications.medicationeffect", "pk": 10, "fields": {"medication": 5, "effect": 15, "icon": 18, "label": null, "value": "0", "comparison": "4", "day": null, "order": null}}, {"model": "medications.medicationeffect", "pk": 11, "fields": {"medication": 3, "effect": 2, "icon": null, "label": null, "value": "home", "comparison": null, "day": null, "order": 10}}, {"model": "medications.medicationeffect", "pk": 12, "fields": {"medication": 3, "effect": 3, "icon": 1, "label": null, "value": null, "comparison": null, "day": null, "order": 10}}, {"model": "medications.medicationeffect", "pk": 13, "fields": {"medication": 3, "effect": 4, "icon": 6, "label": null, "value": "Every day", "comparison": null, "day": null, "order": 10}}, {"model": "medications.medicationeffect", "pk": 14, "fields": {"medication": 3, "effect": 5, "icon": null, "label": null, "value": "Start immediately", "comparison": null, "day": null, "order": 10}}, {"model": "medications.medicationeffect", "pk": 16, "fields": {"medication": 3, "effect": 7, "icon": 26, "label": null, "value": null, "comparison": null, "day": null, "order": 10}}, {"model": "medications.medicationeffect", "pk": 20, "fields": {"medication": 3, "effect": 8, "icon": null, "label": null, "value": "$", "comparison": null, "day": null, "order": 10}}, {"model": "medications.medicationeffect", "pk": 22, "fields": {"medication": 3, "effect": 10, "icon": null, "label": null, "value": "None", "comparison": null, "day": null, "order": 10}}, {"model": "medications.medicationeffect", "pk": 23, "fields": {"medication": 3, "effect": 11, "icon": null, "label": null, "value": null, "comparison": null, "day": null, "order": 10}}, {"model": "medications.medicationeffect", "pk": 24, "fields": {"medication": 3, "effect": 13, "icon": null, "label": null, "value": "5", "comparison": "5", "day": null, "order": 10}}, {"model": "medications.medicationeffect", "pk": 25, "fields": {"medication": 3, "effect": 14, "icon": null, "label": null, "value": "2", "comparison": "8", "day": 1, "order": 10}}, {"model": "medications.medicationeffect", "pk": 26, "fields": {"medication": 3, "effect": 16, "icon": 22, "label": null, "value": "0", "comparison": "10", "day": 1, "order": 10}}, {"model": "medications.medicationeffect", "pk": 27, "fields": {"medication": 1, "effect": 19, "icon": 23, "label": null, "value": "Better", "comparison": null, "day": null, "order": 10}}, {"model": "medications.medicationeffect", "pk": 28, "fields": {"medication": 2, "effect": 19, "icon": 23, "label": null, "value": "Better", "comparison": null, "day": null, "order": 10}}, {"model": "medications.medicationeffect", "pk": 29, "fields": {"medication": 4, "effect": 19, "icon": 24, "label": null, "value": "Better at first, but then worse", "comparison": null, "day": null, "order": 10}}, {"model": "medications.medicationeffect", "pk": 30, "fields": {"medication": 5, "effect": 19, "icon": 25, "label": null, "value": "Worse", "comparison": null, "day": null, "order": 10}}, {"model": "medications.medicationeffect", "pk": 31, "fields": {"medication": 3, "effect": 19, "icon": 23, "label": null, "value": "Better", "comparison": null, "day": null, "order": 10}}, {"model": "medications.medicationeffect", "pk": 42, "fields": {"medication": 1, "effect": 16, "icon": 22, "label": null, "value": "0", "comparison": "10", "day": 1, "order": 10}}, {"model": "medications.medicationeffect", "pk": 43, "fields": {"medication": 2, "effect": 16, "icon": 22, "label": null, "value": "0", "comparison": "10", "day": 1, "order": 10}}, {"model": "medications.medicationeffect", "pk": 44, "fields": {"medication": 4, "effect": 16, "icon": 18, "label": null, "value": "10", "comparison": "0", "day": 1, "order": 10}}, {"model": "medications.medicationeffect", "pk": 45, "fields": {"medication": 5, "effect": 16, "icon": 18, "label": null, "value": "0", "comparison": "100", "day": 1, "order": 10}}, {"model": "medications.medicationeffect", "pk": 53, "fields": {"medication": 1, "effect": 11, "icon": null, "label": "smile1", "value": "smile1", "comparison": null, "day": null, "order": 10}}, {"model": "medications.medicationeffect", "pk": 54, "fields": {"medication": 1, "effect": 5, "icon": null, "label": null, "value": "Start after 6-12 hours of withdrawal", "comparison": null, "day": null, "order": 10}}, {"model": "medications.medicationeffect", "pk": 55, "fields": {"medication": 2, "effect": 5, "icon": null, "label": null, "value": "Start after 7 days of withdrawal (with medical support)", "comparison": null, "day": null, "order": 10}}, {"model": "medications.medicationeffect", "pk": 56, "fields": {"medication": 4, "effect": 5, "icon": null, "label": null, "value": "Stop opioid, withdrawal for 7 days, cravings for many months", "comparison": null, "day": null, "order": 10}}, {"model": "medications.medicationeffect", "pk": 57, "fields": {"medication": 5, "effect": 5, "icon": null, "label": null, "value": "not applicable", "comparison": null, "day": null, "order": 10}}, {"model": "medications.medicationeffect", "pk": 61, "fields": {"medication": 1, "effect": 20, "icon": 1, "label": null, "value": "Take a dissolving tab by mouth every day", "comparison": null, "day": null, "order": 10}}, {"model": "medications.medicationeffect", "pk": 62, "fields": {"medication": 2, "effect": 20, "icon": null, "label": null, "value": "Get an injection once a month in the buttock", "comparison": null, "day": null, "order": 10}}, {"model": "medications.medicationeffect", "pk": 63, "fields": {"medication": 4, "effect": 20, "icon": null, "label": null, "value": "No medication to take", "comparison": null, "day": null, "order": 10}}, {"model": "medications.medicationeffect", "pk": 64, "fields": {"medication": 5, "effect": 20, "icon": null, "label": null, "value": "Taking by pill, injection, or snorting daily or multiple times a day", "comparison": null, "day": null, "order": 10}}, {"model": "medications.medicationeffect", "pk": 65, "fields": {"medication": 3, "effect": 20, "icon": null, "label": null, "value": "Take a liquid by mouth everyday", "comparison": null, "day": null, "order": 10}}, {"model": "medications.medicationeffect", "pk": 66, "fields": {"medication": 1, "effect": 4, "icon": 7, "label": null, "value": "pick up every week or month", "comparison": null, "day": null, "order": 10}}, {"model": "medications.medicationeffect", "pk": 67, "fields": {"medication": 2, "effect": 4, "icon": 6, "label": null, "value": "Once a month", "comparison": null, "day": null, "order": 10}}, {"model": "medications.medicationeffect", "pk": 68, "fields": {"medication": 4, "effect": 4, "icon": null, "label": null, "value": null, "comparison": null, "day": null, "order": 10}}, {"model": "medications.medicationeffect", "pk": 69, "fields": {"medication": 5, "effect": 4, "icon": 8, "label": null, "value": "Daily or many times a day", "comparison": null, "day": null, "order": 10}}, {"model": "medications.medicationeffect", "pk": 70, "fields": {"medication": 1, "effect": 3, "icon": 1, "label": null, "value": null, "comparison": null, "day": null, "order": 10}}, {"model": "medications.medicationeffect", "pk": 71, "fields": {"medication": 2, "effect": 3, "icon": 5, "label": null, "value": null, "comparison": null, "day": null, "order": 10}}, {"model": "medications.medicationeffect", "pk": 72, "fields": {"medication": 4, "effect": 3, "icon": null, "label": null, "value": null, "comparison": null, "day": null, "order": 10}}, {"model": "medications.medicationeffect", "pk": 73, "fields": {"medication": 5, "effect": 3, "icon": 5, "label": null, "value": "or", "comparison": null, "day": null, "order": 10}}, {"model": "medications.medicationeffect", "pk": 74, "fields": {"medication": 1, "effect": 7, "icon": 30, "label": null, "value": "headaches", "comparison": null, "day": null, "order": 10}}, {"model": "medications.medicationeffect", "pk": 75, "fields": {"medication": 1, "effect": 7, "icon": 26, "label": null, "value": "sleep changes", "comparison": null, "day": null, "order": 20}}, {"model": "medications.medicationeffect", "pk": 76, "fields": {"medication": 2, "effect": 7, "icon": 31, "label": null, "value": null, "comparison": null, "day": null, "order": 10}}, {"model": "medications.medicationeffect", "pk": 77, "fields": {"medication": 4, "effect": 7, "icon": null, "label": null, "value": null, "comparison": null, "day": null, "order": 10}}, {"model": "medications.medicationeffect", "pk": 78, "fields": {"medication": 5, "effect": 7, "icon": 32, "label": null, "value": null, "comparison": null, "day": null, "order": 10}}, {"model": "medications.medicationeffect", "pk": 79, "fields": {"medication": 5, "effect": 7, "icon": 27, "label": null, "value": null, "comparison": null, "day": null, "order": 20}}, {"model": "medications.medicationeffect", "pk": 80, "fields": {"medication": 5, "effect": 7, "icon": 29, "label": null, "value": null, "comparison": null, "day": null, "order": 30}}, {"model": "medications.medicationeffect", "pk": 81, "fields": {"medication": 5, "effect": 7, "icon": 31, "label": null, "value": null, "comparison": null, "day": null, "order": 40}}, {"model": "medications.medicationeffect", "pk": 82, "fields": {"medication": 1, "effect": 8, "icon": null, "label": null, "value": "$$", "comparison": null, "day": null, "order": 10}}, {"model": "medications.medicationeffect", "pk": 83, "fields": {"medication": 2, "effect": 8, "icon": null, "label": null, "value": "$$$", "comparison": null, "day": null, "order": 10}}, {"model": "medications.medicationeffect", "pk": 84, "fields": {"medication": 4, "effect": 8, "icon": null, "label": null, "value": null, "comparison": null, "day": null, "order": 10}}, {"model": "medications.medicationeffect", "pk": 85, "fields": {"medication": 5, "effect": 8, "icon": null, "label": null, "value": "$$", "comparison": null, "day": null, "order": 10}}, {"model": "medications.medicationeffect", "pk": 86, "fields": {"medication": 1, "effect": 13, "icon": null, "label": null, "value": "3", "comparison": "5", "day": null, "order": 10}}, {"model": "medications.medicationeffect", "pk": 87, "fields": {"medication": 2, "effect": 13, "icon": null, "label": null, "value": "0", "comparison": "5", "day": null, "order": 10}}, {"model": "medications.medicationeffect", "pk": 88, "fields": {"medication": 4, "effect": 13, "icon": null, "label": null, "value": "0", "comparison": "5", "day": null, "order": 10}}, {"model": "medications.medicationeffect", "pk": 89, "fields": {"medication": 5, "effect": 13, "icon": null, "label": null, "value": "5", "comparison": "5", "day": null, "order": 10}}, {"model": "medications.medicationeffect", "pk": 90, "fields": {"medication": 1, "effect": 21, "icon": null, "label": null, "value": "starts in 1 day, peaks in 3 days, lasts 1 week, cravings can last months.", "comparison": null, "day": null, "order": 10}}, {"model": "medications.medicationeffect", "pk": 91, "fields": {"medication": 2, "effect": 21, "icon": null, "label": null, "value": "no withdrawal symptoms, cravings from previous opioid use can last months or years", "comparison": null, "day": null, "order": 10}}, {"model": "medications.medicationeffect", "pk": 92, "fields": {"medication": 4, "effect": 21, "icon": null, "label": null, "value": "no withdrawal symptoms, cravings from previous opioid use can last months or years", "comparison": null, "day": null, "order": 10}}, {"model": "medications.medicationeffect", "pk": 93, "fields": {"medication": 5, "effect": 21, "icon": null, "label": null, "value": "starts in 6-12 hours, peaks in 1-3 days, lasts 1 week. Cravings can last months or years, decrease with time.", "comparison": null, "day": null, "order": 10}}, {"model": "medications.medicationeffect", "pk": 94, "fields": {"medication": 3, "effect": 21, "icon": null, "label": null, "value": "starts 2 days, peaks 3-5 days, lasts 4-6 weeks, cravings can last months or years", "comparison": null, "day": null, "order": 10}}, {"model": "medications.medicationeffect", "pk": 95, "fields": {"medication": 1, "effect": 14, "icon": null, "label": null, "value": "2", "comparison": "8", "day": 1, "order": 10}}, {"model": "medications.medicationeffect", "pk": 96, "fields": {"medication": 2, "effect": 14, "icon": null, "label": null, "value": "2", "comparison": "8", "day": 1, "order": 10}}, {"model": "medications.medicationeffect", "pk": 97, "fields": {"medication": 4, "effect": 14, "icon": null, "label": null, "value": "1", "comparison": "10", "day": 1, "order": 10}}, {"model": "medications.medicationeffect", "pk": 98, "fields": {"medication": 5, "effect": 14, "icon": null, "label": null, "value": "10", "comparison": "10", "day": 1, "order": 10}}, {"model": "medications.medicationeffect", "pk": 99, "fields": {"medication": 4, "effect": 14, "icon": null, "label": null, "value": "5", "comparison": "10", "day": 20, "order": 20}}, {"model": "medications.medicationeffect", "pk": 100, "fields": {"medication": 5, "effect": 14, "icon": null, "label": null, "value": "10", "comparison": "10", "day": 90, "order": 20}}, {"model": "medications.medicationeffect", "pk": 101, "fields": {"medication": 3, "effect": 14, "icon": null, "label": null, "value": "1", "comparison": "8", "day": 90, "order": 20}}, {"model": "medications.medicationeffect", "pk": 102, "fields": {"medication": 2, "effect": 14, "icon": null, "label": null, "value": "1", "comparison": "8", "day": 90, "order": 20}}, {"model": "medications.medicationeffect", "pk": 103, "fields": {"medication": 1, "effect": 14, "icon": null, "label": null, "value": "1", "comparison": "8", "day": 90, "order": 20}}, {"model": "medications.medicationeffect", "pk": 104, "fields": {"medication": 3, "effect": 3, "icon": 9, "label": null, "value": null, "comparison": null, "day": null, "order": 20}}, {"model": "medications.medicationeffect", "pk": 105, "fields": {"medication": 5, "effect": 3, "icon": 10, "label": null, "value": null, "comparison": null, "day": null, "order": 20}}, {"model": "medications.medicationeffect", "pk": 106, "fields": {"medication": 5, "effect": 3, "icon": 9, "label": null, "value": null, "comparison": null, "day": null, "order": 30}}, {"model": "medications.medicationeffect", "pk": 107, "fields": {"medication": 2, "effect": 3, "icon": 3, "label": null, "value": null, "comparison": null, "day": null, "order": 20}}, {"model": "medications.medicationeffect", "pk": 108, "fields": {"medication": 1, "effect": 3, "icon": 9, "label": null, "value": null, "comparison": null, "day": null, "order": 20}}, {"model": "medications.medicationeffect", "pk": 110, "fields": {"medication": 3, "effect": 7, "icon": 28, "label": null, "value": null, "comparison": null, "day": null, "order": 20}}, {"model": "medications.medicationeffect", "pk": 111, "fields": {"medication": 3, "effect": 7, "icon": 27, "label": null, "value": null, "comparison": null, "day": null, "order": 30}}, {"model": "medications.medicationeffect", "pk": 112, "fields": {"medication": 3, "effect": 7, "icon": 29, "label": null, "value": null, "comparison": null, "day": null, "order": 40}}, {"model": "medication_icons.icon", "pk": 1, "fields": {"name": "Pills", "image": "icons/medicine.png"}}, {"model": "medication_icons.icon", "pk": 2, "fields": {"name": "open-mouth", "image": "icons/open-mouth.png"}}, {"model": "medication_icons.icon", "pk": 3, "fields": {"name": "buttocks", "image": "icons/buttocks.png"}}, {"model": "medication_icons.icon", "pk": 4, "fields": {"name": "nose", "image": "icons/nose.png"}}, {"model": "medication_icons.icon", "pk": 5, "fields": {"name": "injection", "image": "icons/injection.png"}}, {"model": "medication_icons.icon", "pk": 6, "fields": {"name": "clinic", "image": "icons/clinic.png"}}, {"model": "medication_icons.icon", "pk": 7, "fields": {"name": "house", "image": "icons/house.png"}}, {"model": "medication_icons.icon", "pk": 8, "fields": {"name": "street", "image": "icons/street.png"}}, {"model": "medication_icons.icon", "pk": 9, "fields": {"name": "mouth", "image": "icons/open-mouth.png"}}, {"model": "medication_icons.icon", "pk": 10, "fields": {"name": "nose", "image": "icons/nose.png"}}, {"model": "medication_icons.icon", "pk": 11, "fields": {"name": "mouth", "image": "icons/open-mouth.png"}}, {"model": "medication_icons.icon", "pk": 12, "fields": {"name": "buttocks", "image": "icons/buttocks.png"}}, {"model": "medication_icons.icon", "pk": 13, "fields": {"name": "family", "image": "icons/family.png"}}, {"model": "medication_icons.icon", "pk": 14, "fields": {"name": "muscle", "image": "icons/muscle.png"}}, {"model": "medication_icons.icon", "pk": 15, "fields": {"name": "yoga", "image": "icons/yoga.png"}}, {"model": "medication_icons.icon", "pk": 16, "fields": {"name": "justice-scale", "image": "icons/justice-scale.png"}}, {"model": "medication_icons.icon", "pk": 17, "fields": {"name": "justice-scale", "image": "icons/justice-scale.png"}}, {"model": "medication_icons.icon", "pk": 18, "fields": {"name": "cancel", "image": "icons/cancel.png"}}, {"model": "medication_icons.icon", "pk": 19, "fields": {"name": "relief", "image": "icons/relief.png"}}, {"model": "medication_icons.icon", "pk": 20, "fields": {"name": "first-aid-kit", "image": "icons/first-aid-kit.png"}}, {"model": "medication_icons.icon", "pk": 21, "fields": {"name": "shield", "image": "icons/shield.png"}}, {"model": "medication_icons.icon", "pk": 22, "fields": {"name": "shield 2", "image": "icons/shield_2.png"}}, {"model": "medication_icons.icon", "pk": 23, "fields": {"name": "up-arrow", "image": "icons/up-arrow.png"}}, {"model": "medication_icons.icon", "pk": 24, "fields": {"name": "up then down", "image": "icons/up_then_down.png"}}, {"model": "medication_icons.icon", "pk": 25, "fields": {"name": "down arrow", "image": "icons/down-arrow.png"}}, {"model": "medication_icons.icon", "pk": 26, "fields": {"name": "sleepy", "image": "icons/sleepy.png"}}, {"model": "medication_icons.icon", "pk": 27, "fields": {"name": "constipation", "image": "icons/constipation.png"}}, {"model": "medication_icons.icon", "pk": 28, "fields": {"name": "gain weight", "image": "icons/gain-weight.png"}}, {"model": "medication_icons.icon", "pk": 29, "fields": {"name": "sex", "image": "icons/sex.png"}}, {"model": "medication_icons.icon", "pk": 30, "fields": {"name": "headache", "image": "icons/headache.png"}}, {"model": "medication_icons.icon", "pk": 31, "fields": {"name": "injection pain", "image": "icons/injection-pain.png"}}, {"model": "medication_icons.icon", "pk": 32, "fields": {"name": "alarm (death)", "image": "icons/alarm.png"}}, {"model": "charts.chart", "pk": 1, "fields": {"title": "Benefits of Medication", "slug": "benefits-of-medication", "description": ""}}, {"model": "charts.chart", "pk": 2, "fields": {"title": "Burdens of Medication", "slug": "burdens-of-medication", "description": ""}}, {"model": "charts.chart", "pk": 3, "fields": {"title": "What happens if you stop medication on your own", "slug": "stopping", "description": ""}}, {"model": "charts.charteffect", "pk": 1, "fields": {"chart": 1, "order": 10, "effect": 1}}, {"model": "charts.charteffect", "pk": 2, "fields": {"chart": 1, "order": 20, "effect": 15}}, {"model": "charts.charteffect", "pk": 3, "fields": {"chart": 1, "order": 30, "effect": 16}}, {"model": "charts.charteffect", "pk": 6, "fields": {"chart": 1, "order": 60, "effect": 19}}, {"model": "charts.charteffect", "pk": 7, "fields": {"chart": 2, "order": 10, "effect": 5}}, {"model": "charts.charteffect", "pk": 9, "fields": {"chart": 2, "order": 40, "effect": 7}}, {"model": "charts.charteffect", "pk": 10, "fields": {"chart": 2, "order": 50, "effect": 8}}, {"model": "charts.charteffect", "pk": 11, "fields": {"chart": 3, "order": 10, "effect": 13}}, {"model": "charts.charteffect", "pk": 12, "fields": {"chart": 3, "order": 20, "effect": 14}}, {"model": "charts.charteffect", "pk": 13, "fields": {"chart": 2, "order": 20, "effect": 4}}, {"model": "charts.charteffect", "pk": 14, "fields": {"chart": 2, "order": 30, "effect": 3}}, {"model": "charts.chartmedication", "pk": 1, "fields": {"chart": 1, "order": 10, "medication": 3}}, {"model": "charts.chartmedication", "pk": 2, "fields": {"chart": 1, "order": 20, "medication": 1}}, {"model": "charts.chartmedication", "pk": 3, "fields": {"chart": 1, "order": 30, "medication": 2}}, {"model": "charts.chartmedication", "pk": 4, "fields": {"chart": 1, "order": 40, "medication": 4}}, {"model": "charts.chartmedication", "pk": 5, "fields": {"chart": 1, "order": 50, "medication": 5}}, {"model": "charts.chartmedication", "pk": 6, "fields": {"chart": 2, "order": 10, "medication": 3}}, {"model": "charts.chartmedication", "pk": 7, "fields": {"chart": 2, "order": 20, "medication": 1}}, {"model": "charts.chartmedication", "pk": 8, "fields": {"chart": 2, "order": 30, "medication": 2}}, {"model": "charts.chartmedication", "pk": 9, "fields": {"chart": 2, "order": 40, "medication": 4}}, {"model": "charts.chartmedication", "pk": 10, "fields": {"chart": 2, "order": 50, "medication": 5}}, {"model": "charts.chartmedication", "pk": 11, "fields": {"chart": 3, "order": 10, "medication": 3}}, {"model": "charts.chartmedication", "pk": 12, "fields": {"chart": 3, "order": 20, "medication": 1}}, {"model": "charts.chartmedication", "pk": 13, "fields": {"chart": 3, "order": 30, "medication": 2}}, {"model": "charts.chartmedication", "pk": 14, "fields": {"chart": 3, "order": 40, "medication": 4}}, {"model": "charts.chartmedication", "pk": 15, "fields": {"chart": 3, "order": 50, "medication": 5}}, {"model": "quizes.quiz", "pk": 1, "fields": {"title": "Have you ever taken any of the following drugs?", "slug": "have-you-ever-taken-any-of-the-following-drugs", "description": "Have you ever taken any of the following drugs", "points_to_pass": 3}}, {"model": "quizes.quiz", "pk": 3, "fields": {"title": "Do I have opioid use disorder?", "slug": "do-i-have-opioid-use-disorder", "description": "Based on your previous use of opioids, answer the following questions:", "points_to_pass": 3}}, {"model": "quizes.question", "pk": 1, "fields": {"text": "Heroin", "quiz": 1, "order": 10}}, {"model": "quizes.question", "pk": 2, "fields": {"text": "Methadone", "quiz": 1, "order": 20}}, {"model": "quizes.question", "pk": 3, "fields": {"text": "Buprenorphine", "quiz": 1, "order": 30}}, {"model": "quizes.question", "pk": 4, "fields": {"text": "Morphine", "quiz": 1, "order": 40}}, {"model": "quizes.question", "pk": 5, "fields": {"text": "MS Contin", "quiz": 1, "order": 50}}, {"model": "quizes.question", "pk": 6, "fields": {"text": "Oxycontin", "quiz": 1, "order": 60}}, {"model": "quizes.question", "pk": 7, "fields": {"text": "Oxycodone", "quiz": 1, "order": 70}}, {"model": "quizes.question", "pk": 8, "fields": {"text": "Other opioid analgesics", "quiz": 1, "order": 80}}, {"model": "quizes.question", "pk": 9, "fields": {"text": "Did you ever need to use more opioids to get the same high as when you first started using opioids?", "quiz": 3, "order": 10}}, {"model": "quizes.question", "pk": 10, "fields": {"text": "Did the idea of missing a fix (or dose) ever make you anxious or worried?", "quiz": 3, "order": 20}}, {"model": "quizes.question", "pk": 11, "fields": {"text": "In the morning, did you ever use opioids to keep from feeling \"dope sick\" or did you ever feel \"dope sick\"?", "quiz": 3, "order": 30}}, {"model": "quizes.question", "pk": 12, "fields": {"text": "Did you worry about your use of opioids?", "quiz": 3, "order": 40}}, {"model": "quizes.question", "pk": 13, "fields": {"text": "Did you find it difficult to stop or not use opioids?", "quiz": 3, "order": 50}}, {"model": "quizes.question", "pk": 14, "fields": {"text": "Did you ever need to spend a lot of time/energy on finding opioids or recovering from feeling high?", "quiz": 3, "order": 60}}, {"model": "quizes.question", "pk": 15, "fields": {"text": "Did you ever miss important things like doctor's appointments, family/friend activities, or other things because of opioids?", "quiz": 3, "order": 70}}, {"model": "chapters.chapter", "pk": 2, "fields": {"order": 1, "title": "What is opioid use disorder?", "slug": "d1", "published": true}}, {"model": "chapters.chapter", "pk": 3, "fields": {"order": 2, "title": "Treatment Benefits", "slug": "treatment", "published": true}}, {"model": "chapters.chapter", "pk": 4, "fields": {"order": 3, "title": "Daily Life on Treatment", "slug": "burdens", "published": true}}, {"model": "chapters.chapter", "pk": 5, "fields": {"order": 4, "title": "Ending Treatment", "slug": "stopping", "published": true}}, {"model": "chapters.page", "pk": 4, "fields": {"order": 10, "title": "What are opioids?", "slug": "edit-1", "published": true, "chapter": 2, "content": "<p>Opioids are a type of drug that includes heroin and prescription pain medications.</p>\r\n\r\n<ul>\r\n</ul>", "chart": null, "quiz": null}}, {"model": "chapters.page", "pk": 5, "fields": {"order": 30, "title": "What is an opioid use disorder?", "slug": "second-page", "published": true, "chapter": 2, "content": "<p><strong>At first,&nbsp;</strong>a person might take these opioid drugs for medical reasons, or because of how these drugs make&nbsp;them feel.</p>", "chart": null, "quiz": 1}}, {"model": "chapters.page", "pk": 6, "fields": {"order": 10, "title": "How do you treat opioid use disorder?", "slug": "what-does-treatment-for-opioid-use-disorder-look-like", "published": true, "chapter": 3, "content": "<p>We know from research that using medications has <strong>the most success</strong> for opioid use disorder.</p>\r\n\r\n<ul>\r\n</ul>", "chart": null, "quiz": null}}, {"model": "chapters.page", "pk": 7, "fields": {"order": 40, "title": "What are my choices for medications?", "slug": "what-kind-of-medications-are-there", "published": true, "chapter": 3, "content": "<p>There are 3&nbsp;medications proven to help opioid use disorder.</p>", "chart": null, "quiz": null}}, {"model": "chapters.page", "pk": 10, "fields": {"order": 10, "title": "Daily Life on Medication", "slug": "burdens-of-medication", "published": true, "chapter": 4, "content": "<p>In addition to feeling better, the&nbsp;day to day experience of medictation&nbsp;includes&nbsp;getting started, picking up the medication, taking the medicine into the body, common side effets, and cost.&nbsp;&nbsp;</p>", "chart": null, "quiz": null}}, {"model": "chapters.page", "pk": 11, "fields": {"order": 10, "title": "How Long is Treatment?", "slug": "stopping-medications", "published": true, "chapter": 5, "content": "<p>Most patients need to stay in treatment for <strong>at least 3-5 years</strong> to get the full benefits of medications.&nbsp;If you have had opioid use disorder for a longer time, you may need an even longer time to heal.&nbsp;</p>", "chart": null, "quiz": null}}, {"model": "chapters.page", "pk": 12, "fields": {"order": 40, "title": "What is an opioid use disorder?", "slug": "what-is-an-opioid-disorder-2", "published": true, "chapter": 2, "content": "<p><strong>Over time</strong>, some people need to continue taking these drugs just to feel normal, even if it causes problems or even if it takes over their life.</p>\r\n\r\n<p>They can find it difficult to quit on their own.</p>", "chart": null, "quiz": 3}}, {"model": "chapters.page", "pk": 27, "fields": {"order": 20, "title": "How does treatment help in the short-term?", "slug": "2-what-does-treatment-for-opioid-use-disorder-look-like", "published": true, "chapter": 3, "content": "<p>Medications for opioid use disorder can calm the body&rsquo;s system as the body&nbsp;gets used to being away from the drug. Two medication options&nbsp;<strong>treat withdrawal symptoms and decrease&nbsp;cravings</strong>.</p>\r\n\r\n<p><strong><img src=\"https://lh4.googleusercontent.com/LSK78vuCn3U0tqdfXTuVf_Zllm_ONvArsmbWdTUzAzfZ1rr_AM9m4r2KQ7QgEV9vZ1SWTUgH6lY_iLVp-X9UzQMvtABmxZ20Sg6zgHse-wDDgt8Cy3I_46EPrSn_mRCb_EQlzrZA\" style=\"height:150px; width:150px\" /></strong></p>", "chart": null, "quiz": null}}, {"model": "chapters.page", "pk": 28, "fields": {"order": 30, "title": "How does treatment help in the long-term?", "slug": "3-what-does-treatment-for-opioid-use-disorder-look-like", "published": true, "chapter": 3, "content": "<p>Over time, medications help&nbsp;you:</p>\r\n\r\n<ul>\r\n\t<li>Stay <strong>OFF </strong>illegal opioids</li>\r\n\t<li>Reduce the risk of death from drugs and legal problems</li>\r\n\t<li>Improve your health and mood</li>\r\n\t<li>Help you connect to what matter to you, like family or work&nbsp;</li>\r\n</ul>\r\n\r\n<p><strong><img src=\"https://lh4.googleusercontent.com/vBBQ-clDQl88MmDlOHfLX5D-ng_gJs29Q3KZDP6isvbVKD8w3h0KLwNbjuofboO-qESLY5JQQ7RP7-DtvAxnQvOGlUxbNNi240TbvS4opzeOs8gcAuFl3_cQo_ZDRgoKZfpHyflo\" style=\"height:141px; width:141px\" />&nbsp; &nbsp; &nbsp; &nbsp; &nbsp; &nbsp;<img src=\"https://lh6.googleusercontent.com/m3TCU5C0pGpumsC099aoiniN3PgQ29fvmfoKqNHJBbfOQYbdR9LwciKcpCxmLkcSlnP9MO-GqgNZI28hc18KT5vdl-2rm9Zdkqce4acC-ytASbU-LlZSDhnzwQnkptCEUtqEcTdI\" style=\"height:160px; width:160px\" />&nbsp; &nbsp; &nbsp;&nbsp;<img src=\"https://lh4.googleusercontent.com/Arn46VhrJJCkO0c_dWlJs_FykOpMvm1xf03-s8iaJy4vP9IWcSGSQ4ilrgKLsgsuxS3zea1tigKOMn1VBNj-3ZMGaq6Hlgk4kM_hPSPf7UqWAWFlTchpZ8AbgNQmvFs79l4M2A8k\" style=\"height:150px; width:150px\" />&nbsp;</strong></p>", "chart": null, "quiz": null}}, {"model": "chapters.page", "pk": 29, "fields": {"order": 50, "title": "Methadone", "slug": "what-are-my-choices-for-medications", "published": true, "chapter": 3, "content": "<div>Methadone is a liquid&nbsp;<strong>taken by mouth, once a day</strong>.</div>\r\n\r\n<div><strong><img src=\"https://lh5.googleusercontent.com/LUniyy4aHpqgkNQ0C48s0Gs4BYbIp0lqZOvu7KX_jZJTDkgn8NP8R8NIXz0ptow65N_suenxlK1ZshUcGBfPURgggklBRaxTcXT-k7XDiUXUOW-sr23uqZB0_2JDo6N_rLZ6R9HA\" style=\"height:75px; width:75px\" /><img src=\"https://lh6.googleusercontent.com/GUaLQfgv-RaHWMEEm-aAbbtvRK_NxzBRBlPS-JiRHLAJ7D_MNgwTLl65q7p4ZqJVTFOx_pLWz0XLDK6rK9alRJl4fVJS_8prnEwt8SA16If1u_Xt3STiGhbaZPnP6BXwflhsw1fX\" style=\"height:75px; width:75px\" /></strong></div>\r\n\r\n<p>In the first 3 months,&nbsp;<strong>go to a clinic every day</strong> to take your&nbsp;medication. As you get stable, you may be able to take medication at home.</p>\r\n\r\n<p><strong><img src=\"https://lh5.googleusercontent.com/K7jZCPUiL_ceMJpK7o2QG20FVPQc8lgv9-Zhf9Ng9urqeS-BrbVB8GHIVFspv5jflFmKSjdPspV1yiDAcLpMNb4egAKkQ-NeW829b-vPbEyxxk0U1NoTSlctJW0jM2UIczDLiAzs\" style=\"height:150px; width:150px\" /></strong></p>\r\n\r\n<p>This medicine <strong>treats withdrawal and cravings.</strong></p>\r\n\r\n<p><strong><img src=\"https://lh4.googleusercontent.com/LSK78vuCn3U0tqdfXTuVf_Zllm_ONvArsmbWdTUzAzfZ1rr_AM9m4r2KQ7QgEV9vZ1SWTUgH6lY_iLVp-X9UzQMvtABmxZ20Sg6zgHse-wDDgt8Cy3I_46EPrSn_mRCb_EQlzrZA\" style=\"height:150px; width:150px\" /></strong></p>", "chart": null, "quiz": null}}, {"model": "chapters.page", "pk": 31, "fields": {"order": 60, "title": "Buprenorphine", "slug": "3-what-are-my-choices-for-medications", "published": true, "chapter": 3, "content": "<div>Buprenorphine forms include Suboxone (dissolving tab) or Subutex (pill). It is usually<strong> taken by mouth, once a day</strong>.</div>\r\n\r\n<div><strong><img src=\"https://lh5.googleusercontent.com/LUniyy4aHpqgkNQ0C48s0Gs4BYbIp0lqZOvu7KX_jZJTDkgn8NP8R8NIXz0ptow65N_suenxlK1ZshUcGBfPURgggklBRaxTcXT-k7XDiUXUOW-sr23uqZB0_2JDo6N_rLZ6R9HA\" style=\"height:139px; width:139px\" />&nbsp;<img src=\"https://lh6.googleusercontent.com/GUaLQfgv-RaHWMEEm-aAbbtvRK_NxzBRBlPS-JiRHLAJ7D_MNgwTLl65q7p4ZqJVTFOx_pLWz0XLDK6rK9alRJl4fVJS_8prnEwt8SA16If1u_Xt3STiGhbaZPnP6BXwflhsw1fX\" style=\"height:137px; width:137px\" /></strong></div>\r\n\r\n<p>In the beginning <strong>you will need to stop using opioids like heroin for several hours</strong>,&nbsp;then you can start this medicine. After you get to a stable dose, you can take this medication at home.&nbsp;</p>\r\n\r\n<p><strong><img src=\"https://lh3.googleusercontent.com/JiGlN_fdTzs9M8F-8HdKEZNv_KFzZTPUlsT5t7XkCAm8YlGTP8iwhBr_8d9VIDiqb2jrk_Zstx4fjmQK2vlSNIbTLErFShChVNbFHCB-NPXxuwWq-GXaG7be2nJymxWGPL6F0IX5\" style=\"height:150px; width:150px\" /></strong></p>\r\n\r\n<p>This medicine treats withdrawals and cravings.&nbsp;</p>\r\n\r\n<p><strong><img src=\"https://lh4.googleusercontent.com/LSK78vuCn3U0tqdfXTuVf_Zllm_ONvArsmbWdTUzAzfZ1rr_AM9m4r2KQ7QgEV9vZ1SWTUgH6lY_iLVp-X9UzQMvtABmxZ20Sg6zgHse-wDDgt8Cy3I_46EPrSn_mRCb_EQlzrZA\" style=\"height:150px; width:150px\" /></strong></p>", "chart": null, "quiz": null}}, {"model": "chapters.page", "pk": 32, "fields": {"order": 70, "title": "Naltrexone", "slug": "4-what-does-treatment-for-opioid-use-disorder-look-like", "published": true, "chapter": 3, "content": "<p>Naltrexone is an injection that is also called Vivitrol. It is&nbsp;<strong>taken as&nbsp;an injection, in the buttocks, once a month</strong>.</p>\r\n\r\n<p><strong><img src=\"https://lh4.googleusercontent.com/i5qudczFoFw70RHwzejEL9ldsN_4M4DeS2M1S2EUlYv_adKeQKmpj-t4TuayLpp7BTrF9aTXCXMztVYSmBblzS43nAxp7sx4drMm-9tW7BYknhLIUb5qnBccAgx_4BEZ0qri54Rq\" style=\"height:107px; width:107px\" /><img src=\"https://lh5.googleusercontent.com/jnYjYEAi9rpVeQXn4Kz3LIxRu6YXl8c-IEl34I-lfTn9McSQMsuTLu_HGxNA3LBSxDH_tEUWKB5LbD9GZR-t1dLH30gBNBY9Ztk4Zb_TLRJ4Qp40Vjub2GDRM-oEPslrzFG8YBLK\" style=\"height:150px; width:150px\" /></strong></p>\r\n\r\n<p>The pill version does not work as well&nbsp;for opioid disorder, only for alcohol.</p>\r\n\r\n<p><strong>You must stop using any opioids for at least 7 days before starting</strong> this medication. You can get the injection in the clinic every month.</p>\r\n\r\n<p><strong><img src=\"https://lh5.googleusercontent.com/K7jZCPUiL_ceMJpK7o2QG20FVPQc8lgv9-Zhf9Ng9urqeS-BrbVB8GHIVFspv5jflFmKSjdPspV1yiDAcLpMNb4egAKkQ-NeW829b-vPbEyxxk0U1NoTSlctJW0jM2UIczDLiAzs\" style=\"height:150px; width:150px\" /></strong></p>\r\n\r\n<p>This medicine does <strong>not </strong>treat withdrawals; it helps a little bit with&nbsp;cravings. Instead you will get different medicines during the first 7 days to help with detox. This medicine blocks opioids like heroin.&nbsp;</p>\r\n\r\n<p><strong><img src=\"https://lh3.googleusercontent.com/wst11_AyX_NOqEgktwwfM90G_wqbe5-qBquKO5FOrCyOowCVDQkItM9krJUaS-vPaM2OcisU7fArj7PpaULIKvGZUYqFKTsB5J0C6xrkHPcz2j7u8pXjKA7vr4GPyXmTh2zUzFIS\" style=\"height:150px; width:150px\" /></strong></p>", "chart": null, "quiz": null}}, {"model": "chapters.page", "pk": 33, "fields": {"order": 80, "title": "What is true of all medications?", "slug": "5-what-are-my-choices-for-medications", "published": true, "chapter": 3, "content": "<p>All of these medications must be taken at the<strong> right dose</strong> and for a long time:</p>\r\n\r\n<p><span style=\"background-color:#eeeeee\">Most patients need 3-5 years&nbsp;to let the brain heal, some longer.</span></p>\r\n\r\n<p>Methadone and buprenorphine help withdrawals,</p>\r\n\r\n<p><strong><img src=\"https://lh4.googleusercontent.com/LSK78vuCn3U0tqdfXTuVf_Zllm_ONvArsmbWdTUzAzfZ1rr_AM9m4r2KQ7QgEV9vZ1SWTUgH6lY_iLVp-X9UzQMvtABmxZ20Sg6zgHse-wDDgt8Cy3I_46EPrSn_mRCb_EQlzrZA\" style=\"height:150px; width:150px\" /></strong></p>\r\n\r\n<p>but naltrexone does not (you will get other medications to help during detox)&nbsp;&nbsp;</p>\r\n\r\n<p><strong><img src=\"https://lh3.googleusercontent.com/wst11_AyX_NOqEgktwwfM90G_wqbe5-qBquKO5FOrCyOowCVDQkItM9krJUaS-vPaM2OcisU7fArj7PpaULIKvGZUYqFKTsB5J0C6xrkHPcz2j7u8pXjKA7vr4GPyXmTh2zUzFIS\" style=\"height:150px; width:150px\" /></strong></p>\r\n\r\n<p>All the medicines decrease the risk of death, reduce opioid use,&nbsp;reduce cravings, and help people function better -- meaning thinking and feeling better, better health, relationships, ability to work, and less legal problems.</p>\r\n\r\n<p><strong><img src=\"https://lh4.googleusercontent.com/vBBQ-clDQl88MmDlOHfLX5D-ng_gJs29Q3KZDP6isvbVKD8w3h0KLwNbjuofboO-qESLY5JQQ7RP7-DtvAxnQvOGlUxbNNi240TbvS4opzeOs8gcAuFl3_cQo_ZDRgoKZfpHyflo\" />&nbsp; &nbsp; &nbsp; &nbsp; &nbsp; &nbsp;<img src=\"https://lh6.googleusercontent.com/m3TCU5C0pGpumsC099aoiniN3PgQ29fvmfoKqNHJBbfOQYbdR9LwciKcpCxmLkcSlnP9MO-GqgNZI28hc18KT5vdl-2rm9Zdkqce4acC-ytASbU-LlZSDhnzwQnkptCEUtqEcTdI\" />&nbsp; &nbsp; &nbsp;&nbsp;<img src=\"https://lh4.googleusercontent.com/Arn46VhrJJCkO0c_dWlJs_FykOpMvm1xf03-s8iaJy4vP9IWcSGSQ4ilrgKLsgsuxS3zea1tigKOMn1VBNj-3ZMGaq6Hlgk4kM_hPSPf7UqWAWFlTchpZ8AbgNQmvFs79l4M2A8k\" />&nbsp;</strong></p>\r\n\r\n<p>&nbsp;</p>", "chart": null, "quiz": null}}, {"model": "chapters.page", "pk": 34, "fields": {"order": 90, "title": "Benefits of Medications", "slug": "6-what-are-my-choices-for-medications", "published": true, "chapter": 3, "content": "<p>You can compare different medications and no medication. The bigger the solid circle, the bigger the benefit for that option and category.&nbsp;</p>\r\n\r\n<p><em>Click on the row to learn more.&nbsp;</em></p>", "chart": 1, "quiz": null}}, {"model": "chapters.page", "pk": 36, "fields": {"order": 20, "title": "How Do I End Treatment?", "slug": "how-do-i-end-treatment", "published": true, "chapter": 5, "content": "<p>If you and your doctor decide it is time to end treatment, this can be done slowly so you will not have much withdrawal symptoms.&nbsp;</p>", "chart": null, "quiz": null}}, {"model": "chapters.page", "pk": 37, "fields": {"order": 30, "title": "What happens if I stop treatment on my own?", "slug": "what-happens-if-i-stop-treatment-on-my-own", "published": true, "chapter": 5, "content": "<p>If treatment is stopped quickly, on your own or because of things outside your control, you can have withdrawal symptoms.&nbsp;</p>\r\n\r\n<p>An important thing to remember is after you stop using opioids or medications for a while, <strong>your <em>tolerance </em>to&nbsp;opioids go down</strong> - that means your body is not used to the opioids anymore. That means if there is relapse and you use again,&nbsp;there is a higher risk of overdose.&nbsp;&nbsp;</p>", "chart": null, "quiz": null}}, {"model": "chapters.page", "pk": 38, "fields": {"order": 40, "title": "Stopping medications suddenly", "slug": "stopping-medications-suddenly", "published": true, "chapter": 5, "content": "", "chart": 3, "quiz": null}}, {"model": "chapters.page", "pk": 39, "fields": {"order": 20, "title": "Examples of opioids", "slug": "examples-of-opioids", "published": true, "chapter": 2, "content": "<p>&nbsp;</p>\r\n\r\n<ul>\r\n\t<li>Percocet</li>\r\n\t<li>Vicodin</li>\r\n\t<li>oxycodone</li>\r\n\t<li>Oxycontin</li>\r\n\t<li>Dilaudid</li>\r\n\t<li>Fentanyl</li>\r\n</ul>", "chart": null, "quiz": null}}, {"model": "chapters.page", "pk": 40, "fields": {"order": 20, "title": "Daily Life on Medications", "slug": "daily-life-on-medications", "published": true, "chapter": 4, "content": "", "chart": 2, "quiz": null}}, {"model": "auth.permission", "pk": 1, "fields": {"name": "Can add log entry", "content_type": 1, "codename": "add_logentry"}}, {"model": "auth.permission", "pk": 2, "fields": {"name": "Can change log entry", "content_type": 1, "codename": "change_logentry"}}, {"model": "auth.permission", "pk": 3, "fields": {"name": "Can delete log entry", "content_type": 1, "codename": "delete_logentry"}}, {"model": "auth.permission", "pk": 4, "fields": {"name": "Can view log entry", "content_type": 1, "codename": "view_logentry"}}, {"model": "auth.permission", "pk": 5, "fields": {"name": "Can add permission", "content_type": 2, "codename": "add_permission"}}, {"model": "auth.permission", "pk": 6, "fields": {"name": "Can change permission", "content_type": 2, "codename": "change_permission"}}, {"model": "auth.permission", "pk": 7, "fields": {"name": "Can delete permission", "content_type": 2, "codename": "delete_permission"}}, {"model": "auth.permission", "pk": 8, "fields": {"name": "Can view permission", "content_type": 2, "codename": "view_permission"}}, {"model": "auth.permission", "pk": 9, "fields": {"name": "Can add group", "content_type": 3, "codename": "add_group"}}, {"model": "auth.permission", "pk": 10, "fields": {"name": "Can change group", "content_type": 3, "codename": "change_group"}}, {"model": "auth.permission", "pk": 11, "fields": {"name": "Can delete group", "content_type": 3, "codename": "delete_group"}}, {"model": "auth.permission", "pk": 12, "fields": {"name": "Can view group", "content_type": 3, "codename": "view_group"}}, {"model": "auth.permission", "pk": 13, "fields": {"name": "Can add user", "content_type": 4, "codename": "add_user"}}, {"model": "auth.permission", "pk": 14, "fields": {"name": "Can change user", "content_type": 4, "codename": "change_user"}}, {"model": "auth.permission", "pk": 15, "fields": {"name": "Can delete user", "content_type": 4, "codename": "delete_user"}}, {"model": "auth.permission", "pk": 16, "fields": {"name": "Can view user", "content_type": 4, "codename": "view_user"}}, {"model": "auth.permission", "pk": 17, "fields": {"name": "Can add content type", "content_type": 5, "codename": "add_contenttype"}}, {"model": "auth.permission", "pk": 18, "fields": {"name": "Can change content type", "content_type": 5, "codename": "change_contenttype"}}, {"model": "auth.permission", "pk": 19, "fields": {"name": "Can delete content type", "content_type": 5, "codename": "delete_contenttype"}}, {"model": "auth.permission", "pk": 20, "fields": {"name": "Can view content type", "content_type": 5, "codename": "view_contenttype"}}, {"model": "auth.permission", "pk": 21, "fields": {"name": "Can add session", "content_type": 6, "codename": "add_session"}}, {"model": "auth.permission", "pk": 22, "fields": {"name": "Can change session", "content_type": 6, "codename": "change_session"}}, {"model": "auth.permission", "pk": 23, "fields": {"name": "Can delete session", "content_type": 6, "codename": "delete_session"}}, {"model": "auth.permission", "pk": 24, "fields": {"name": "Can view session", "content_type": 6, "codename": "view_session"}}, {"model": "auth.permission", "pk": 25, "fields": {"name": "Can add effect", "content_type": 7, "codename": "add_effect"}}, {"model": "auth.permission", "pk": 26, "fields": {"name": "Can change effect", "content_type": 7, "codename": "change_effect"}}, {"model": "auth.permission", "pk": 27, "fields": {"name": "Can delete effect", "content_type": 7, "codename": "delete_effect"}}, {"model": "auth.permission", "pk": 28, "fields": {"name": "Can view effect", "content_type": 7, "codename": "view_effect"}}, {"model": "auth.permission", "pk": 29, "fields": {"name": "Can add medication", "content_type": 8, "codename": "add_medication"}}, {"model": "auth.permission", "pk": 30, "fields": {"name": "Can change medication", "content_type": 8, "codename": "change_medication"}}, {"model": "auth.permission", "pk": 31, "fields": {"name": "Can delete medication", "content_type": 8, "codename": "delete_medication"}}, {"model": "auth.permission", "pk": 32, "fields": {"name": "Can view medication", "content_type": 8, "codename": "view_medication"}}, {"model": "auth.permission", "pk": 33, "fields": {"name": "Can add medication effect", "content_type": 9, "codename": "add_medicationeffect"}}, {"model": "auth.permission", "pk": 34, "fields": {"name": "Can change medication effect", "content_type": 9, "codename": "change_medicationeffect"}}, {"model": "auth.permission", "pk": 35, "fields": {"name": "Can delete medication effect", "content_type": 9, "codename": "delete_medicationeffect"}}, {"model": "auth.permission", "pk": 36, "fields": {"name": "Can view medication effect", "content_type": 9, "codename": "view_medicationeffect"}}, {"model": "auth.permission", "pk": 37, "fields": {"name": "Can add chart", "content_type": 10, "codename": "add_chart"}}, {"model": "auth.permission", "pk": 38, "fields": {"name": "Can change chart", "content_type": 10, "codename": "change_chart"}}, {"model": "auth.permission", "pk": 39, "fields": {"name": "Can delete chart", "content_type": 10, "codename": "delete_chart"}}, {"model": "auth.permission", "pk": 40, "fields": {"name": "Can view chart", "content_type": 10, "codename": "view_chart"}}, {"model": "auth.permission", "pk": 41, "fields": {"name": "Can add chart medication", "content_type": 11, "codename": "add_chartmedication"}}, {"model": "auth.permission", "pk": 42, "fields": {"name": "Can change chart medication", "content_type": 11, "codename": "change_chartmedication"}}, {"model": "auth.permission", "pk": 43, "fields": {"name": "Can delete chart medication", "content_type": 11, "codename": "delete_chartmedication"}}, {"model": "auth.permission", "pk": 44, "fields": {"name": "Can view chart medication", "content_type": 11, "codename": "view_chartmedication"}}, {"model": "auth.permission", "pk": 45, "fields": {"name": "Can add chart effect", "content_type": 12, "codename": "add_charteffect"}}, {"model": "auth.permission", "pk": 46, "fields": {"name": "Can change chart effect", "content_type": 12, "codename": "change_charteffect"}}, {"model": "auth.permission", "pk": 47, "fields": {"name": "Can delete chart effect", "content_type": 12, "codename": "delete_charteffect"}}, {"model": "auth.permission", "pk": 48, "fields": {"name": "Can view chart effect", "content_type": 12, "codename": "view_charteffect"}}, {"model": "auth.permission", "pk": 49, "fields": {"name": "Can add chapter", "content_type": 13, "codename": "add_chapter"}}, {"model": "auth.permission", "pk": 50, "fields": {"name": "Can change chapter", "content_type": 13, "codename": "change_chapter"}}, {"model": "auth.permission", "pk": 51, "fields": {"name": "Can delete chapter", "content_type": 13, "codename": "delete_chapter"}}, {"model": "auth.permission", "pk": 52, "fields": {"name": "Can view chapter", "content_type": 13, "codename": "view_chapter"}}, {"model": "auth.permission", "pk": 53, "fields": {"name": "Can add page", "content_type": 14, "codename": "add_page"}}, {"model": "auth.permission", "pk": 54, "fields": {"name": "Can change page", "content_type": 14, "codename": "change_page"}}, {"model": "auth.permission", "pk": 55, "fields": {"name": "Can delete page", "content_type": 14, "codename": "delete_page"}}, {"model": "auth.permission", "pk": 56, "fields": {"name": "Can view page", "content_type": 14, "codename": "view_page"}}, {"model": "auth.permission", "pk": 57, "fields": {"name": "Can add question", "content_type": 15, "codename": "add_question"}}, {"model": "auth.permission", "pk": 58, "fields": {"name": "Can change question", "content_type": 15, "codename": "change_question"}}, {"model": "auth.permission", "pk": 59, "fields": {"name": "Can delete question", "content_type": 15, "codename": "delete_question"}}, {"model": "auth.permission", "pk": 60, "fields": {"name": "Can view question", "content_type": 15, "codename": "view_question"}}, {"model": "auth.permission", "pk": 61, "fields": {"name": "Can add quiz", "content_type": 16, "codename": "add_quiz"}}, {"model": "auth.permission", "pk": 62, "fields": {"name": "Can change quiz", "content_type": 16, "codename": "change_quiz"}}, {"model": "auth.permission", "pk": 63, "fields": {"name": "Can delete quiz", "content_type": 16, "codename": "delete_quiz"}}, {"model": "auth.permission", "pk": 64, "fields": {"name": "Can view quiz", "content_type": 16, "codename": "view_quiz"}}, {"model": "auth.permission", "pk": 65, "fields": {"name": "Can add icon", "content_type": 17, "codename": "add_icon"}}, {"model": "auth.permission", "pk": 66, "fields": {"name": "Can change icon", "content_type": 17, "codename": "change_icon"}}, {"model": "auth.permission", "pk": 67, "fields": {"name": "Can delete icon", "content_type": 17, "codename": "delete_icon"}}, {"model": "auth.permission", "pk": 68, "fields": {"name": "Can view icon", "content_type": 17, "codename": "view_icon"}}, {"model": "auth.user", "pk": 1, "fields": {"password": "pbkdf2_sha256$150000$8CRwei0G4RAa$F73DtweC/JOYHPeXFc+gRZdN3bApJes4fXt6tFbQ0gE=", "last_login": "2019-06-24T18:22:02.247Z", "is_superuser": true, "username": "admin", "first_name": "", "last_name": "", "email": "admin@nickreid.com", "is_staff": true, "is_active": true, "date_joined": "2019-05-14T01:01:09.879Z", "groups": [], "user_permissions": []}}, {"model": "admin.logentry", "pk": 1, "fields": {"action_time": "2019-05-15T19:03:05.239Z", "user": 1, "content_type": 8, "object_id": "1", "object_repr": "Buprenorphine Sublingual", "action_flag": 1, "change_message": "[{\"added\": {}}]"}}, {"model": "admin.logentry", "pk": 2, "fields": {"action_time": "2019-05-15T19:03:12.310Z", "user": 1, "content_type": 8, "object_id": "2", "object_repr": "Naltrexone Injectable", "action_flag": 1, "change_message": "[{\"added\": {}}]"}}, {"model": "admin.logentry", "pk": 3, "fields": {"action_time": "2019-05-15T19:03:19.789Z", "user": 1, "content_type": 8, "object_id": "3", "object_repr": "Methadone", "action_flag": 1, "change_message": "[{\"added\": {}}]"}}, {"model": "admin.logentry", "pk": 4, "fields": {"action_time": "2019-05-15T19:03:27.249Z", "user": 1, "content_type": 8, "object_id": "4", "object_repr": "No Medicine", "action_flag": 1, "change_message": "[{\"added\": {}}]"}}, {"model": "admin.logentry", "pk": 5, "fields": {"action_time": "2019-05-15T19:03:37.944Z", "user": 1, "content_type": 8, "object_id": "5", "object_repr": "Continue Using", "action_flag": 1, "change_message": "[{\"added\": {}}]"}}, {"model": "admin.logentry", "pk": 6, "fields": {"action_time": "2019-05-15T19:04:49.010Z", "user": 1, "content_type": 7, "object_id": "1", "object_repr": "Symptom Relief", "action_flag": 1, "change_message": "[{\"added\": {}}]"}}, {"model": "admin.logentry", "pk": 7, "fields": {"action_time": "2019-05-15T19:05:03.683Z", "user": 1, "content_type": 7, "object_id": "2", "object_repr": "Where do I take the medication?", "action_flag": 1, "change_message": "[{\"added\": {}}]"}}, {"model": "admin.logentry", "pk": 8, "fields": {"action_time": "2019-05-15T19:05:18.180Z", "user": 1, "content_type": 7, "object_id": "3", "object_repr": "How the medicine gets in the body", "action_flag": 1, "change_message": "[{\"added\": {}}]"}}, {"model": "admin.logentry", "pk": 9, "fields": {"action_time": "2019-05-15T19:05:32.603Z", "user": 1, "content_type": 7, "object_id": "4", "object_repr": "How do I pick up the medication?", "action_flag": 1, "change_message": "[{\"added\": {}}]"}}, {"model": "admin.logentry", "pk": 10, "fields": {"action_time": "2019-05-15T19:05:49.169Z", "user": 1, "content_type": 7, "object_id": "5", "object_repr": "How do I start treatment?", "action_flag": 1, "change_message": "[{\"added\": {}}]"}}, {"model": "admin.logentry", "pk": 11, "fields": {"action_time": "2019-05-15T19:06:10.211Z", "user": 1, "content_type": 7, "object_id": "6", "object_repr": "How do I get the medication?", "action_flag": 1, "change_message": "[{\"added\": {}}]"}}, {"model": "admin.logentry", "pk": 12, "fields": {"action_time": "2019-05-15T19:06:30.486Z", "user": 1, "content_type": 7, "object_id": "7", "object_repr": "Common side effects", "action_flag": 1, "change_message": "[{\"added\": {}}]"}}, {"model": "admin.logentry", "pk": 13, "fields": {"action_time": "2019-05-15T19:06:42.130Z", "user": 1, "content_type": 7, "object_id": "8", "object_repr": "Cost without insurance", "action_flag": 1, "change_message": "[{\"added\": {}}]"}}, {"model": "admin.logentry", "pk": 14, "fields": {"action_time": "2019-05-15T19:06:55.989Z", "user": 1, "content_type": 7, "object_id": "9", "object_repr": "Stopping the medication leads to", "action_flag": 1, "change_message": "[{\"added\": {}}]"}}, {"model": "admin.logentry", "pk": 15, "fields": {"action_time": "2019-05-15T19:07:04.410Z", "user": 1, "content_type": 7, "object_id": "10", "object_repr": "Discomfort", "action_flag": 1, "change_message": "[{\"added\": {}}]"}}, {"model": "admin.logentry", "pk": 16, "fields": {"action_time": "2019-05-15T19:07:31.116Z", "user": 1, "content_type": 7, "object_id": "11", "object_repr": "Risk of death", "action_flag": 1, "change_message": "[{\"added\": {}}]"}}, {"model": "admin.logentry", "pk": 17, "fields": {"action_time": "2019-05-15T19:07:51.246Z", "user": 1, "content_type": 7, "object_id": "12", "object_repr": "Risk of relapse", "action_flag": 1, "change_message": "[{\"added\": {}}]"}}, {"model": "admin.logentry", "pk": 18, "fields": {"action_time": "2019-05-15T19:08:14.198Z", "user": 1, "content_type": 7, "object_id": "13", "object_repr": "Withdrawl if you stop", "action_flag": 1, "change_message": "[{\"added\": {}}]"}}, {"model": "admin.logentry", "pk": 19, "fields": {"action_time": "2019-05-15T19:08:37.262Z", "user": 1, "content_type": 7, "object_id": "14", "object_repr": "Risk of death if you stop", "action_flag": 1, "change_message": "[{\"added\": {}}]"}}, {"model": "admin.logentry", "pk": 20, "fields": {"action_time": "2019-05-15T19:08:50.841Z", "user": 1, "content_type": 7, "object_id": "15", "object_repr": "Life saving", "action_flag": 1, "change_message": "[{\"added\": {}}]"}}, {"model": "admin.logentry", "pk": 21, "fields": {"action_time": "2019-05-15T19:09:07.282Z", "user": 1, "content_type": 7, "object_id": "16", "object_repr": "Stop Relapse", "action_flag": 1, "change_message": "[{\"added\": {}}]"}}, {"model": "admin.logentry", "pk": 22, "fields": {"action_time": "2019-05-15T19:09:17.054Z", "user": 1, "content_type": 7, "object_id": "17", "object_repr": "Relationships", "action_flag": 1, "change_message": "[{\"added\": {}}]"}}, {"model": "admin.logentry", "pk": 23, "fields": {"action_time": "2019-05-15T19:09:27.122Z", "user": 1, "content_type": 7, "object_id": "18", "object_repr": "Ability to work", "action_flag": 1, "change_message": "[{\"added\": {}}]"}}, {"model": "admin.logentry", "pk": 24, "fields": {"action_time": "2019-05-15T19:09:48.886Z", "user": 1, "content_type": 7, "object_id": "19", "object_repr": "Legal problems", "action_flag": 1, "change_message": "[{\"added\": {}}]"}}, {"model": "admin.logentry", "pk": 25, "fields": {"action_time": "2019-05-15T19:11:58.920Z", "user": 1, "content_type": 10, "object_id": "1", "object_repr": "Benefits of Medication", "action_flag": 1, "change_message": "[{\"added\": {}}, {\"added\": {\"name\": \"chart medication\", \"object\": \"ChartMedication object (1)\"}}, {\"added\": {\"name\": \"chart medication\", \"object\": \"ChartMedication object (2)\"}}, {\"added\": {\"name\": \"chart medication\", \"object\": \"ChartMedication object (3)\"}}, {\"added\": {\"name\": \"chart medication\", \"object\": \"ChartMedication object (4)\"}}, {\"added\": {\"name\": \"chart medication\", \"object\": \"ChartMedication object (5)\"}}, {\"added\": {\"name\": \"chart effect\", \"object\": \"ChartEffect object (1)\"}}, {\"added\": {\"name\": \"chart effect\", \"object\": \"ChartEffect object (2)\"}}, {\"added\": {\"name\": \"chart effect\", \"object\": \"ChartEffect object (3)\"}}, {\"added\": {\"name\": \"chart effect\", \"object\": \"ChartEffect object (4)\"}}, {\"added\": {\"name\": \"chart effect\", \"object\": \"ChartEffect object (5)\"}}, {\"added\": {\"name\": \"chart effect\", \"object\": \"ChartEffect object (6)\"}}]"}}, {"model": "admin.logentry", "pk": 26, "fields": {"action_time": "2019-05-15T19:13:43.672Z", "user": 1, "content_type": 10, "object_id": "2", "object_repr": "Burdens of Medication", "action_flag": 1, "change_message": "[{\"added\": {}}, {\"added\": {\"name\": \"chart medication\", \"object\": \"ChartMedication object (6)\"}}, {\"added\": {\"name\": \"chart medication\", \"object\": \"ChartMedication object (7)\"}}, {\"added\": {\"name\": \"chart medication\", \"object\": \"ChartMedication object (8)\"}}, {\"added\": {\"name\": \"chart medication\", \"object\": \"ChartMedication object (9)\"}}, {\"added\": {\"name\": \"chart medication\", \"object\": \"ChartMedication object (10)\"}}, {\"added\": {\"name\": \"chart effect\", \"object\": \"ChartEffect object (7)\"}}, {\"added\": {\"name\": \"chart effect\", \"object\": \"ChartEffect object (8)\"}}, {\"added\": {\"name\": \"chart effect\", \"object\": \"ChartEffect object (9)\"}}, {\"added\": {\"name\": \"chart effect\", \"object\": \"ChartEffect object (10)\"}}]"}}, {"model": "admin.logentry", "pk": 27, "fields": {"action_time": "2019-05-15T19:14:39.202Z", "user": 1, "content_type": 10, "object_id": "3", "object_repr": "What happens if you stop medication on your own", "action_flag": 1, "change_message": "[{\"added\": {}}, {\"added\": {\"name\": \"chart medication\", \"object\": \"ChartMedication object (11)\"}}, {\"added\": {\"name\": \"chart medication\", \"object\": \"ChartMedication object (12)\"}}, {\"added\": {\"name\": \"chart medication\", \"object\": \"ChartMedication object (13)\"}}, {\"added\": {\"name\": \"chart medication\", \"object\": \"ChartMedication object (14)\"}}, {\"added\": {\"name\": \"chart medication\", \"object\": \"ChartMedication object (15)\"}}, {\"added\": {\"name\": \"chart effect\", \"object\": \"ChartEffect object (11)\"}}, {\"added\": {\"name\": \"chart effect\", \"object\": \"ChartEffect object (12)\"}}]"}}, {"model": "admin.logentry", "pk": 28, "fields": {"action_time": "2019-05-15T19:17:48.254Z", "user": 1, "content_type": 13, "object_id": "2", "object_repr": "What is opioid use disorder?", "action_flag": 1, "change_message": "[{\"added\": {}}]"}}, {"model": "admin.logentry", "pk": 29, "fields": {"action_time": "2019-05-15T19:18:11.703Z", "user": 1, "content_type": 13, "object_id": "3", "object_repr": "Treatment", "action_flag": 1, "change_message": "[{\"added\": {}}]"}}, {"model": "admin.logentry", "pk": 30, "fields": {"action_time": "2019-05-15T19:18:28.426Z", "user": 1, "content_type": 13, "object_id": "4", "object_repr": "Burdens", "action_flag": 1, "change_message": "[{\"added\": {}}]"}}, {"model": "admin.logentry", "pk": 31, "fields": {"action_time": "2019-05-15T19:18:51.745Z", "user": 1, "content_type": 13, "object_id": "5", "object_repr": "Stopping", "action_flag": 1, "change_message": "[{\"added\": {}}]"}}, {"model": "admin.logentry", "pk": 32, "fields": {"action_time": "2019-05-22T18:39:33.788Z", "user": 1, "content_type": 13, "object_id": "2", "object_repr": "What is opioid use disorder?", "action_flag": 2, "change_message": "[{\"added\": {\"name\": \"page\", \"object\": \"Page object (4)\"}}]"}}, {"model": "admin.logentry", "pk": 33, "fields": {"action_time": "2019-05-22T19:24:51.017Z", "user": 1, "content_type": 13, "object_id": "2", "object_repr": "What is opioid use disorder?", "action_flag": 2, "change_message": "[{\"added\": {\"name\": \"page\", \"object\": \"Page object (5)\"}}, {\"changed\": {\"name\": \"page\", \"object\": \"Page object (4)\", \"fields\": [\"title\"]}}]"}}, {"model": "admin.logentry", "pk": 34, "fields": {"action_time": "2019-05-22T19:25:43.298Z", "user": 1, "content_type": 14, "object_id": "4", "object_repr": "Page object (4)", "action_flag": 2, "change_message": "[{\"changed\": {\"fields\": [\"content\"]}}]"}}, {"model": "admin.logentry", "pk": 35, "fields": {"action_time": "2019-05-22T19:25:48.013Z", "user": 1, "content_type": 14, "object_id": "4", "object_repr": "Page object (4)", "action_flag": 2, "change_message": "[{\"changed\": {\"fields\": [\"content\"]}}]"}}, {"model": "admin.logentry", "pk": 36, "fields": {"action_time": "2019-05-22T19:26:10.792Z", "user": 1, "content_type": 14, "object_id": "4", "object_repr": "Page object (4)", "action_flag": 2, "change_message": "[]"}}, {"model": "admin.logentry", "pk": 37, "fields": {"action_time": "2019-05-22T19:27:07.776Z", "user": 1, "content_type": 14, "object_id": "6", "object_repr": "Page object (6)", "action_flag": 1, "change_message": "[{\"added\": {}}]"}}, {"model": "admin.logentry", "pk": 38, "fields": {"action_time": "2019-05-22T19:32:15.568Z", "user": 1, "content_type": 9, "object_id": "1", "object_repr": "Buprenorphine Sublingual: Symptom Relief", "action_flag": 1, "change_message": "[{\"added\": {}}]"}}, {"model": "admin.logentry", "pk": 39, "fields": {"action_time": "2019-05-22T19:33:23.200Z", "user": 1, "content_type": 9, "object_id": "2", "object_repr": "Methadone: Symptom Relief", "action_flag": 1, "change_message": "[{\"added\": {}}]"}}, {"model": "admin.logentry", "pk": 40, "fields": {"action_time": "2019-05-22T19:55:49.772Z", "user": 1, "content_type": 14, "object_id": "7", "object_repr": "Page object (7)", "action_flag": 1, "change_message": "[{\"added\": {}}]"}}, {"model": "admin.logentry", "pk": 41, "fields": {"action_time": "2019-05-22T19:59:23.227Z", "user": 1, "content_type": 9, "object_id": "2", "object_repr": "Methadone: Symptom Relief", "action_flag": 2, "change_message": "[{\"changed\": {\"fields\": [\"short_description\"]}}]"}}, {"model": "admin.logentry", "pk": 42, "fields": {"action_time": "2019-05-22T19:59:39.036Z", "user": 1, "content_type": 9, "object_id": "1", "object_repr": "Buprenorphine Sublingual: Symptom Relief", "action_flag": 2, "change_message": "[{\"changed\": {\"fields\": [\"short_description\"]}}]"}}, {"model": "admin.logentry", "pk": 43, "fields": {"action_time": "2019-05-22T20:03:00.101Z", "user": 1, "content_type": 9, "object_id": "2", "object_repr": "Methadone: Symptom Relief", "action_flag": 2, "change_message": "[{\"changed\": {\"fields\": [\"short_description\"]}}]"}}, {"model": "admin.logentry", "pk": 44, "fields": {"action_time": "2019-05-22T20:03:08.066Z", "user": 1, "content_type": 9, "object_id": "1", "object_repr": "Buprenorphine Sublingual: Symptom Relief", "action_flag": 2, "change_message": "[{\"changed\": {\"fields\": [\"short_description\"]}}]"}}, {"model": "admin.logentry", "pk": 45, "fields": {"action_time": "2019-05-22T20:03:26.309Z", "user": 1, "content_type": 9, "object_id": "3", "object_repr": "Naltrexone Injectable: Symptom Relief", "action_flag": 1, "change_message": "[{\"added\": {}}]"}}, {"model": "admin.logentry", "pk": 46, "fields": {"action_time": "2019-05-22T20:03:55.363Z", "user": 1, "content_type": 9, "object_id": "4", "object_repr": "No Medicine: Symptom Relief", "action_flag": 1, "change_message": "[{\"added\": {}}]"}}, {"model": "admin.logentry", "pk": 47, "fields": {"action_time": "2019-05-22T20:04:11.864Z", "user": 1, "content_type": 9, "object_id": "5", "object_repr": "Continue Using: Symptom Relief", "action_flag": 1, "change_message": "[{\"added\": {}}]"}}, {"model": "admin.logentry", "pk": 48, "fields": {"action_time": "2019-05-22T20:05:07.995Z", "user": 1, "content_type": 9, "object_id": "6", "object_repr": "Methadone: Life saving", "action_flag": 1, "change_message": "[{\"added\": {}}]"}}, {"model": "admin.logentry", "pk": 49, "fields": {"action_time": "2019-05-22T20:05:23.120Z", "user": 1, "content_type": 9, "object_id": "5", "object_repr": "Continue Using: Symptom Relief", "action_flag": 2, "change_message": "[{\"changed\": {\"fields\": [\"short_description\"]}}]"}}, {"model": "admin.logentry", "pk": 50, "fields": {"action_time": "2019-05-22T20:05:31.386Z", "user": 1, "content_type": 9, "object_id": "4", "object_repr": "No Medicine: Symptom Relief", "action_flag": 2, "change_message": "[{\"changed\": {\"fields\": [\"short_description\"]}}]"}}, {"model": "admin.logentry", "pk": 51, "fields": {"action_time": "2019-05-22T20:05:38.121Z", "user": 1, "content_type": 9, "object_id": "3", "object_repr": "Naltrexone Injectable: Symptom Relief", "action_flag": 2, "change_message": "[{\"changed\": {\"fields\": [\"short_description\"]}}]"}}, {"model": "admin.logentry", "pk": 52, "fields": {"action_time": "2019-05-22T20:05:50.261Z", "user": 1, "content_type": 9, "object_id": "2", "object_repr": "Methadone: Symptom Relief", "action_flag": 2, "change_message": "[{\"changed\": {\"fields\": [\"short_description\"]}}]"}}, {"model": "admin.logentry", "pk": 53, "fields": {"action_time": "2019-05-22T20:05:58.011Z", "user": 1, "content_type": 9, "object_id": "1", "object_repr": "Buprenorphine Sublingual: Symptom Relief", "action_flag": 2, "change_message": "[{\"changed\": {\"fields\": [\"short_description\"]}}]"}}, {"model": "admin.logentry", "pk": 54, "fields": {"action_time": "2019-05-22T20:15:31.718Z", "user": 1, "content_type": 9, "object_id": "7", "object_repr": "Buprenorphine Sublingual: Life saving", "action_flag": 1, "change_message": "[{\"added\": {}}]"}}, {"model": "admin.logentry", "pk": 55, "fields": {"action_time": "2019-05-22T20:15:50.014Z", "user": 1, "content_type": 9, "object_id": "8", "object_repr": "Naltrexone Injectable: Life saving", "action_flag": 1, "change_message": "[{\"added\": {}}]"}}, {"model": "admin.logentry", "pk": 56, "fields": {"action_time": "2019-05-22T20:16:12.543Z", "user": 1, "content_type": 9, "object_id": "9", "object_repr": "No Medicine: Life saving", "action_flag": 1, "change_message": "[{\"added\": {}}]"}}, {"model": "admin.logentry", "pk": 57, "fields": {"action_time": "2019-05-22T20:16:31.918Z", "user": 1, "content_type": 9, "object_id": "10", "object_repr": "Continue Using: Life saving", "action_flag": 1, "change_message": "[{\"added\": {}}]"}}, {"model": "admin.logentry", "pk": 58, "fields": {"action_time": "2019-05-22T20:32:05.898Z", "user": 1, "content_type": 14, "object_id": "4", "object_repr": "Page object (4)", "action_flag": 2, "change_message": "[{\"changed\": {\"fields\": [\"title\", \"content\"]}}]"}}, {"model": "admin.logentry", "pk": 59, "fields": {"action_time": "2019-05-22T20:33:00.354Z", "user": 1, "content_type": 14, "object_id": "5", "object_repr": "Page object (5)", "action_flag": 2, "change_message": "[{\"changed\": {\"fields\": [\"title\", \"content\"]}}]"}}, {"model": "admin.logentry", "pk": 60, "fields": {"action_time": "2019-05-22T20:37:46.206Z", "user": 1, "content_type": 14, "object_id": "6", "object_repr": "Page object (6)", "action_flag": 2, "change_message": "[{\"changed\": {\"fields\": [\"content\"]}}]"}}, {"model": "admin.logentry", "pk": 61, "fields": {"action_time": "2019-05-22T23:14:33.367Z", "user": 1, "content_type": 14, "object_id": "7", "object_repr": "Page object (7)", "action_flag": 2, "change_message": "[{\"changed\": {\"fields\": [\"title\", \"content\"]}}]"}}, {"model": "admin.logentry", "pk": 62, "fields": {"action_time": "2019-06-09T23:45:48.020Z", "user": 1, "content_type": 14, "object_id": "6", "object_repr": "Page object (6)", "action_flag": 2, "change_message": "[{\"changed\": {\"fields\": [\"chart\"]}}]"}}, {"model": "admin.logentry", "pk": 63, "fields": {"action_time": "2019-06-09T23:49:45.357Z", "user": 1, "content_type": 13, "object_id": "4", "object_repr": "Burdens", "action_flag": 2, "change_message": "[{\"added\": {\"name\": \"page\", \"object\": \"Page object (10)\"}}]"}}, {"model": "admin.logentry", "pk": 64, "fields": {"action_time": "2019-06-09T23:49:58.054Z", "user": 1, "content_type": 13, "object_id": "5", "object_repr": "Stopping", "action_flag": 2, "change_message": "[{\"added\": {\"name\": \"page\", \"object\": \"Page object (11)\"}}]"}}, {"model": "admin.logentry", "pk": 65, "fields": {"action_time": "2019-06-09T23:50:25.876Z", "user": 1, "content_type": 14, "object_id": "11", "object_repr": "Page object (11)", "action_flag": 2, "change_message": "[{\"changed\": {\"fields\": [\"content\", \"chart\"]}}]"}}, {"model": "admin.logentry", "pk": 66, "fields": {"action_time": "2019-06-09T23:50:46.933Z", "user": 1, "content_type": 14, "object_id": "10", "object_repr": "Page object (10)", "action_flag": 2, "change_message": "[{\"changed\": {\"fields\": [\"chart\"]}}]"}}, {"model": "admin.logentry", "pk": 67, "fields": {"action_time": "2019-06-09T23:51:14.515Z", "user": 1, "content_type": 13, "object_id": "3", "object_repr": "Treatment", "action_flag": 2, "change_message": "[]"}}, {"model": "admin.logentry", "pk": 68, "fields": {"action_time": "2019-06-09T23:51:28.077Z", "user": 1, "content_type": 14, "object_id": "7", "object_repr": "Page object (7)", "action_flag": 2, "change_message": "[{\"changed\": {\"fields\": [\"chart\"]}}]"}}, {"model": "admin.logentry", "pk": 69, "fields": {"action_time": "2019-06-09T23:51:41.162Z", "user": 1, "content_type": 14, "object_id": "6", "object_repr": "Page object (6)", "action_flag": 2, "change_message": "[{\"changed\": {\"fields\": [\"chart\"]}}]"}}, {"model": "admin.logentry", "pk": 70, "fields": {"action_time": "2019-06-10T22:11:28.573Z", "user": 1, "content_type": 7, "object_id": "1", "object_repr": "Symptom Relief", "action_flag": 2, "change_message": "[{\"changed\": {\"fields\": [\"category\"]}}, {\"changed\": {\"name\": \"medication effect\", \"object\": \"Buprenorphine Sublingual: Symptom Relief\", \"fields\": [\"value\", \"comparison\"]}}, {\"changed\": {\"name\": \"medication effect\", \"object\": \"Naltrexone Injectable: Symptom Relief\", \"fields\": [\"value\", \"comparison\"]}}, {\"changed\": {\"name\": \"medication effect\", \"object\": \"Methadone: Symptom Relief\", \"fields\": [\"value\", \"comparison\"]}}, {\"changed\": {\"name\": \"medication effect\", \"object\": \"No Medicine: Symptom Relief\", \"fields\": [\"value\", \"comparison\"]}}, {\"changed\": {\"name\": \"medication effect\", \"object\": \"Continue Using: Symptom Relief\", \"fields\": [\"value\", \"comparison\"]}}]"}}, {"model": "admin.logentry", "pk": 71, "fields": {"action_time": "2019-06-10T22:12:37.673Z", "user": 1, "content_type": 10, "object_id": "1", "object_repr": "Benefits of Medication", "action_flag": 2, "change_message": "[]"}}, {"model": "admin.logentry", "pk": 72, "fields": {"action_time": "2019-06-10T22:13:54.250Z", "user": 1, "content_type": 7, "object_id": "15", "object_repr": "Life saving", "action_flag": 2, "change_message": "[{\"changed\": {\"name\": \"medication effect\", \"object\": \"Buprenorphine Sublingual: Life saving\", \"fields\": [\"value\", \"comparison\"]}}, {\"changed\": {\"name\": \"medication effect\", \"object\": \"Naltrexone Injectable: Life saving\", \"fields\": [\"value\", \"comparison\"]}}, {\"changed\": {\"name\": \"medication effect\", \"object\": \"Methadone: Life saving\", \"fields\": [\"value\", \"comparison\"]}}, {\"changed\": {\"name\": \"medication effect\", \"object\": \"No Medicine: Life saving\", \"fields\": [\"value\", \"comparison\"]}}, {\"changed\": {\"name\": \"medication effect\", \"object\": \"Continue Using: Life saving\", \"fields\": [\"value\", \"comparison\"]}}]"}}, {"model": "admin.logentry", "pk": 73, "fields": {"action_time": "2019-06-10T22:14:53.578Z", "user": 1, "content_type": 7, "object_id": "15", "object_repr": "Life saving", "action_flag": 2, "change_message": "[{\"changed\": {\"fields\": [\"category\"]}}]"}}, {"model": "admin.logentry", "pk": 74, "fields": {"action_time": "2019-06-10T22:15:54.655Z", "user": 1, "content_type": 10, "object_id": "1", "object_repr": "Benefits of Medication", "action_flag": 2, "change_message": "[]"}}, {"model": "admin.logentry", "pk": 75, "fields": {"action_time": "2019-06-11T03:23:09.612Z", "user": 1, "content_type": 8, "object_id": "3", "object_repr": "Methadone", "action_flag": 2, "change_message": "[{\"added\": {\"name\": \"medication effect\", \"object\": \"Methadone: Where do I take the medication?\"}}, {\"added\": {\"name\": \"medication effect\", \"object\": \"Methadone: How the medicine gets in the body\"}}, {\"added\": {\"name\": \"medication effect\", \"object\": \"Methadone: How do I pick up the medication?\"}}, {\"added\": {\"name\": \"medication effect\", \"object\": \"Methadone: How do I start treatment?\"}}, {\"added\": {\"name\": \"medication effect\", \"object\": \"Methadone: How do I get the medication?\"}}, {\"added\": {\"name\": \"medication effect\", \"object\": \"Methadone: Common side effects\"}}, {\"added\": {\"name\": \"medication effect\", \"object\": \"Methadone: Common side effects\"}}, {\"added\": {\"name\": \"medication effect\", \"object\": \"Methadone: Common side effects\"}}, {\"added\": {\"name\": \"medication effect\", \"object\": \"Methadone: Common side effects\"}}, {\"added\": {\"name\": \"medication effect\", \"object\": \"Methadone: Cost without insurance\"}}, {\"added\": {\"name\": \"medication effect\", \"object\": \"Methadone: Stopping the medication leads to\"}}]"}}, {"model": "admin.logentry", "pk": 76, "fields": {"action_time": "2019-06-11T03:27:04.411Z", "user": 1, "content_type": 8, "object_id": "3", "object_repr": "Methadone", "action_flag": 2, "change_message": "[{\"added\": {\"name\": \"medication effect\", \"object\": \"Methadone: Discomfort\"}}, {\"added\": {\"name\": \"medication effect\", \"object\": \"Methadone: Risk of death\"}}, {\"added\": {\"name\": \"medication effect\", \"object\": \"Methadone: Withdrawl if you stop\"}}, {\"added\": {\"name\": \"medication effect\", \"object\": \"Methadone: Risk of death if you stop\"}}, {\"added\": {\"name\": \"medication effect\", \"object\": \"Methadone: Stop Relapse\"}}]"}}, {"model": "admin.logentry", "pk": 77, "fields": {"action_time": "2019-06-11T03:30:14.359Z", "user": 1, "content_type": 7, "object_id": "19", "object_repr": "Legal problems", "action_flag": 2, "change_message": "[{\"added\": {\"name\": \"medication effect\", \"object\": \"Buprenorphine Sublingual: Legal problems\"}}, {\"added\": {\"name\": \"medication effect\", \"object\": \"Naltrexone Injectable: Legal problems\"}}, {\"added\": {\"name\": \"medication effect\", \"object\": \"No Medicine: Legal problems\"}}, {\"added\": {\"name\": \"medication effect\", \"object\": \"Continue Using: Legal problems\"}}, {\"added\": {\"name\": \"medication effect\", \"object\": \"Methadone: Legal problems\"}}]"}}, {"model": "admin.logentry", "pk": 78, "fields": {"action_time": "2019-06-11T03:32:01.202Z", "user": 1, "content_type": 7, "object_id": "18", "object_repr": "Ability to work", "action_flag": 2, "change_message": "[{\"added\": {\"name\": \"medication effect\", \"object\": \"Buprenorphine Sublingual: Ability to work\"}}, {\"added\": {\"name\": \"medication effect\", \"object\": \"Naltrexone Injectable: Ability to work\"}}, {\"added\": {\"name\": \"medication effect\", \"object\": \"No Medicine: Ability to work\"}}, {\"added\": {\"name\": \"medication effect\", \"object\": \"Continue Using: Ability to work\"}}, {\"added\": {\"name\": \"medication effect\", \"object\": \"Methadone: Ability to work\"}}]"}}, {"model": "admin.logentry", "pk": 79, "fields": {"action_time": "2019-06-11T03:37:29.461Z", "user": 1, "content_type": 7, "object_id": "17", "object_repr": "Relationships", "action_flag": 2, "change_message": "[{\"added\": {\"name\": \"medication effect\", \"object\": \"Buprenorphine Sublingual: Relationships\"}}, {\"added\": {\"name\": \"medication effect\", \"object\": \"Naltrexone Injectable: Relationships\"}}, {\"added\": {\"name\": \"medication effect\", \"object\": \"No Medicine: Relationships\"}}, {\"added\": {\"name\": \"medication effect\", \"object\": \"Continue Using: Relationships\"}}, {\"added\": {\"name\": \"medication effect\", \"object\": \"Methadone: Relationships\"}}]"}}, {"model": "admin.logentry", "pk": 80, "fields": {"action_time": "2019-06-11T03:40:21.162Z", "user": 1, "content_type": 7, "object_id": "16", "object_repr": "Stop Relapse", "action_flag": 2, "change_message": "[{\"changed\": {\"fields\": [\"category\"]}}, {\"added\": {\"name\": \"medication effect\", \"object\": \"Buprenorphine Sublingual: Stop Relapse\"}}, {\"added\": {\"name\": \"medication effect\", \"object\": \"Naltrexone Injectable: Stop Relapse\"}}, {\"added\": {\"name\": \"medication effect\", \"object\": \"No Medicine: Stop Relapse\"}}, {\"added\": {\"name\": \"medication effect\", \"object\": \"Continue Using: Stop Relapse\"}}, {\"changed\": {\"name\": \"medication effect\", \"object\": \"Methadone: Stop Relapse\", \"fields\": [\"value\", \"comparison\"]}}]"}}, {"model": "admin.logentry", "pk": 81, "fields": {"action_time": "2019-06-11T03:42:34.724Z", "user": 1, "content_type": 7, "object_id": "16", "object_repr": "Stop Relapse", "action_flag": 2, "change_message": "[{\"changed\": {\"fields\": [\"category\"]}}]"}}, {"model": "admin.logentry", "pk": 82, "fields": {"action_time": "2019-06-11T03:46:32.170Z", "user": 1, "content_type": 7, "object_id": "16", "object_repr": "Stop Relapse", "action_flag": 2, "change_message": "[{\"added\": {\"name\": \"medication effect\", \"object\": \"Buprenorphine Sublingual: Stop Relapse\"}}, {\"added\": {\"name\": \"medication effect\", \"object\": \"Buprenorphine Sublingual: Stop Relapse\"}}, {\"changed\": {\"name\": \"medication effect\", \"object\": \"Buprenorphine Sublingual: Stop Relapse\", \"fields\": [\"value\", \"day\"]}}, {\"added\": {\"name\": \"medication effect\", \"object\": \"Naltrexone Injectable: Stop Relapse\"}}, {\"added\": {\"name\": \"medication effect\", \"object\": \"Naltrexone Injectable: Stop Relapse\"}}, {\"changed\": {\"name\": \"medication effect\", \"object\": \"Naltrexone Injectable: Stop Relapse\", \"fields\": [\"value\", \"day\"]}}, {\"added\": {\"name\": \"medication effect\", \"object\": \"No Medicine: Stop Relapse\"}}, {\"changed\": {\"name\": \"medication effect\", \"object\": \"No Medicine: Stop Relapse\", \"fields\": [\"day\"]}}, {\"added\": {\"name\": \"medication effect\", \"object\": \"Continue Using: Stop Relapse\"}}, {\"changed\": {\"name\": \"medication effect\", \"object\": \"Continue Using: Stop Relapse\", \"fields\": [\"day\"]}}, {\"added\": {\"name\": \"medication effect\", \"object\": \"Methadone: Stop Relapse\"}}, {\"changed\": {\"name\": \"medication effect\", \"object\": \"Methadone: Stop Relapse\", \"fields\": [\"value\", \"day\"]}}]"}}, {"model": "admin.logentry", "pk": 83, "fields": {"action_time": "2019-06-11T03:48:06.331Z", "user": 1, "content_type": 7, "object_id": "16", "object_repr": "Stop Relapse", "action_flag": 2, "change_message": "[{\"changed\": {\"name\": \"medication effect\", \"object\": \"Buprenorphine Sublingual: Stop Relapse\", \"fields\": [\"day\"]}}, {\"changed\": {\"name\": \"medication effect\", \"object\": \"Continue Using: Stop Relapse\", \"fields\": [\"day\"]}}]"}}, {"model": "admin.logentry", "pk": 84, "fields": {"action_time": "2019-06-11T03:50:57.515Z", "user": 1, "content_type": 7, "object_id": "16", "object_repr": "Stop Relapse", "action_flag": 2, "change_message": "[{\"changed\": {\"name\": \"medication effect\", \"object\": \"No Medicine: Stop Relapse\", \"fields\": [\"value\"]}}, {\"changed\": {\"name\": \"medication effect\", \"object\": \"No Medicine: Stop Relapse\", \"fields\": [\"value\"]}}, {\"changed\": {\"name\": \"medication effect\", \"object\": \"Continue Using: Stop Relapse\", \"fields\": [\"value\", \"comparison\"]}}, {\"changed\": {\"name\": \"medication effect\", \"object\": \"Continue Using: Stop Relapse\", \"fields\": [\"value\", \"comparison\"]}}]"}}, {"model": "admin.logentry", "pk": 85, "fields": {"action_time": "2019-06-11T03:51:58.171Z", "user": 1, "content_type": 7, "object_id": "16", "object_repr": "Stop Relapse", "action_flag": 2, "change_message": "[{\"changed\": {\"name\": \"medication effect\", \"object\": \"No Medicine: Stop Relapse\", \"fields\": [\"value\"]}}, {\"changed\": {\"name\": \"medication effect\", \"object\": \"No Medicine: Stop Relapse\", \"fields\": [\"value\"]}}, {\"changed\": {\"name\": \"medication effect\", \"object\": \"Continue Using: Stop Relapse\", \"fields\": [\"value\"]}}, {\"changed\": {\"name\": \"medication effect\", \"object\": \"Continue Using: Stop Relapse\", \"fields\": [\"value\"]}}]"}}, {"model": "admin.logentry", "pk": 86, "fields": {"action_time": "2019-06-11T15:24:33.545Z", "user": 1, "content_type": 7, "object_id": "11", "object_repr": "Risk of Death Without Treatment", "action_flag": 2, "change_message": "[{\"changed\": {\"fields\": [\"name\", \"category\"]}}, {\"added\": {\"name\": \"medication effect\", \"object\": \"Buprenorphine Sublingual: Risk of Death Without Treatment\"}}]"}}, {"model": "admin.logentry", "pk": 87, "fields": {"action_time": "2019-06-11T15:31:24.633Z", "user": 1, "content_type": 7, "object_id": "19", "object_repr": "Legal problems", "action_flag": 2, "change_message": "[{\"changed\": {\"fields\": [\"description\"]}}]"}}, {"model": "admin.logentry", "pk": 88, "fields": {"action_time": "2019-06-11T18:52:39.065Z", "user": 1, "content_type": 7, "object_id": "19", "object_repr": "Improved Life Function", "action_flag": 2, "change_message": "[{\"changed\": {\"fields\": [\"name\", \"description\"]}}]"}}, {"model": "admin.logentry", "pk": 89, "fields": {"action_time": "2019-06-11T19:22:47.255Z", "user": 1, "content_type": 7, "object_id": "19", "object_repr": "Improved Life Function", "action_flag": 2, "change_message": "[{\"changed\": {\"fields\": [\"description\"]}}, {\"changed\": {\"name\": \"medication effect\", \"object\": \"No Medicine: Improved Life Function\", \"fields\": [\"value\"]}}]"}}, {"model": "admin.logentry", "pk": 90, "fields": {"action_time": "2019-06-11T19:59:04.929Z", "user": 1, "content_type": 7, "object_id": "1", "object_repr": "Symptom Relief", "action_flag": 2, "change_message": "[{\"changed\": {\"fields\": [\"description\"]}}]"}}, {"model": "admin.logentry", "pk": 91, "fields": {"action_time": "2019-06-11T20:06:36.756Z", "user": 1, "content_type": 7, "object_id": "1", "object_repr": "Symptom Relief", "action_flag": 2, "change_message": "[{\"changed\": {\"fields\": [\"description\"]}}]"}}, {"model": "admin.logentry", "pk": 92, "fields": {"action_time": "2019-06-11T20:09:59.394Z", "user": 1, "content_type": 7, "object_id": "18", "object_repr": "Ability to work", "action_flag": 3, "change_message": ""}}, {"model": "admin.logentry", "pk": 93, "fields": {"action_time": "2019-06-11T20:10:10.919Z", "user": 1, "content_type": 7, "object_id": "17", "object_repr": "Relationships", "action_flag": 3, "change_message": ""}}, {"model": "admin.logentry", "pk": 94, "fields": {"action_time": "2019-06-12T11:58:37.360Z", "user": 1, "content_type": 14, "object_id": "7", "object_repr": "Page object (7)", "action_flag": 2, "change_message": "[{\"changed\": {\"fields\": [\"content\"]}}]"}}, {"model": "admin.logentry", "pk": 95, "fields": {"action_time": "2019-06-12T12:27:06.537Z", "user": 1, "content_type": 14, "object_id": "7", "object_repr": "Page object (7)", "action_flag": 2, "change_message": "[{\"changed\": {\"fields\": [\"content\"]}}]"}}, {"model": "admin.logentry", "pk": 96, "fields": {"action_time": "2019-06-12T12:33:40.386Z", "user": 1, "content_type": 7, "object_id": "15", "object_repr": "Life saving", "action_flag": 2, "change_message": "[{\"changed\": {\"name\": \"medication effect\", \"object\": \"Buprenorphine Sublingual: Life saving\", \"fields\": [\"value\"]}}, {\"changed\": {\"name\": \"medication effect\", \"object\": \"Naltrexone Injectable: Life saving\", \"fields\": [\"value\"]}}]"}}, {"model": "admin.logentry", "pk": 97, "fields": {"action_time": "2019-06-12T12:55:15.989Z", "user": 1, "content_type": 14, "object_id": "7", "object_repr": "Page object (7)", "action_flag": 2, "change_message": "[]"}}, {"model": "admin.logentry", "pk": 98, "fields": {"action_time": "2019-06-12T13:53:34.833Z", "user": 1, "content_type": 7, "object_id": "15", "object_repr": "Life saving", "action_flag": 2, "change_message": "[{\"changed\": {\"fields\": [\"description\"]}}]"}}, {"model": "admin.logentry", "pk": 99, "fields": {"action_time": "2019-06-12T14:00:42.200Z", "user": 1, "content_type": 7, "object_id": "12", "object_repr": "Risk of relapse", "action_flag": 2, "change_message": "[{\"changed\": {\"fields\": [\"description\"]}}]"}}, {"model": "admin.logentry", "pk": 100, "fields": {"action_time": "2019-06-12T14:01:03.873Z", "user": 1, "content_type": 7, "object_id": "16", "object_repr": "Stop Relapse", "action_flag": 2, "change_message": "[{\"changed\": {\"fields\": [\"description\"]}}]"}}, {"model": "admin.logentry", "pk": 101, "fields": {"action_time": "2019-06-12T14:02:55.465Z", "user": 1, "content_type": 7, "object_id": "16", "object_repr": "Stop Relapse", "action_flag": 2, "change_message": "[{\"changed\": {\"name\": \"medication effect\", \"object\": \"No Medicine: Stop Relapse\", \"fields\": [\"value\", \"comparison\"]}}, {\"changed\": {\"name\": \"medication effect\", \"object\": \"No Medicine: Stop Relapse\", \"fields\": [\"value\", \"comparison\"]}}]"}}, {"model": "admin.logentry", "pk": 102, "fields": {"action_time": "2019-06-12T14:04:17.399Z", "user": 1, "content_type": 14, "object_id": "10", "object_repr": "Page object (10)", "action_flag": 2, "change_message": "[{\"changed\": {\"fields\": [\"title\"]}}]"}}, {"model": "admin.logentry", "pk": 103, "fields": {"action_time": "2019-06-12T14:12:36.130Z", "user": 1, "content_type": 7, "object_id": "5", "object_repr": "How do I start treatment?", "action_flag": 2, "change_message": "[{\"added\": {\"name\": \"medication effect\", \"object\": \"Buprenorphine Sublingual: How do I start treatment?\"}}, {\"added\": {\"name\": \"medication effect\", \"object\": \"Naltrexone Injectable: How do I start treatment?\"}}, {\"added\": {\"name\": \"medication effect\", \"object\": \"No Medicine: How do I start treatment?\"}}, {\"added\": {\"name\": \"medication effect\", \"object\": \"Continue Using: How do I start treatment?\"}}]"}}, {"model": "admin.logentry", "pk": 104, "fields": {"action_time": "2019-06-12T14:30:28.486Z", "user": 1, "content_type": 7, "object_id": "6", "object_repr": "How do I pick up the medication?", "action_flag": 2, "change_message": "[{\"changed\": {\"fields\": [\"name\"]}}, {\"added\": {\"name\": \"medication effect\", \"object\": \"Buprenorphine Sublingual: How do I pick up the medication?\"}}, {\"added\": {\"name\": \"medication effect\", \"object\": \"No Medicine: How do I pick up the medication?\"}}, {\"added\": {\"name\": \"medication effect\", \"object\": \"Continue Using: How do I pick up the medication?\"}}, {\"changed\": {\"name\": \"medication effect\", \"object\": \"Methadone: How do I pick up the medication?\", \"fields\": [\"value\"]}}]"}}, {"model": "admin.logentry", "pk": 105, "fields": {"action_time": "2019-06-12T14:33:12.758Z", "user": 1, "content_type": 7, "object_id": "20", "object_repr": "How the medicine gets in the body", "action_flag": 1, "change_message": "[{\"added\": {}}, {\"added\": {\"name\": \"medication effect\", \"object\": \"Buprenorphine Sublingual: How the medicine gets in the body\"}}, {\"added\": {\"name\": \"medication effect\", \"object\": \"Naltrexone Injectable: How the medicine gets in the body\"}}, {\"added\": {\"name\": \"medication effect\", \"object\": \"No Medicine: How the medicine gets in the body\"}}, {\"added\": {\"name\": \"medication effect\", \"object\": \"Continue Using: How the medicine gets in the body\"}}, {\"added\": {\"name\": \"medication effect\", \"object\": \"Methadone: How the medicine gets in the body\"}}]"}}, {"model": "admin.logentry", "pk": 106, "fields": {"action_time": "2019-06-17T07:44:22.509Z", "user": 1, "content_type": 14, "object_id": "4", "object_repr": "Page object (4)", "action_flag": 2, "change_message": "[{\"changed\": {\"fields\": [\"content\"]}}]"}}, {"model": "admin.logentry", "pk": 107, "fields": {"action_time": "2019-06-17T07:44:41.148Z", "user": 1, "content_type": 14, "object_id": "4", "object_repr": "Page object (4)", "action_flag": 2, "change_message": "[{\"changed\": {\"fields\": [\"content\"]}}]"}}, {"model": "admin.logentry", "pk": 108, "fields": {"action_time": "2019-06-17T07:48:49.229Z", "user": 1, "content_type": 14, "object_id": "5", "object_repr": "Page object (5)", "action_flag": 2, "change_message": "[{\"changed\": {\"fields\": [\"content\"]}}]"}}, {"model": "admin.logentry", "pk": 109, "fields": {"action_time": "2019-06-17T07:51:48.746Z", "user": 1, "content_type": 14, "object_id": "6", "object_repr": "Page object (6)", "action_flag": 2, "change_message": "[{\"changed\": {\"fields\": [\"content\"]}}]"}}, {"model": "admin.logentry", "pk": 110, "fields": {"action_time": "2019-06-17T08:10:32.438Z", "user": 1, "content_type": 14, "object_id": "7", "object_repr": "Page object (7)", "action_flag": 2, "change_message": "[{\"changed\": {\"fields\": [\"content\"]}}]"}}, {"model": "admin.logentry", "pk": 111, "fields": {"action_time": "2019-06-18T12:03:47.753Z", "user": 1, "content_type": 7, "object_id": "4", "object_repr": "How do I pick up the medication?", "action_flag": 2, "change_message": "[{\"added\": {\"name\": \"medication effect\", \"object\": \"Buprenorphine Sublingual: How do I pick up the medication?\"}}, {\"added\": {\"name\": \"medication effect\", \"object\": \"Naltrexone Injectable: How do I pick up the medication?\"}}, {\"added\": {\"name\": \"medication effect\", \"object\": \"No Medicine: How do I pick up the medication?\"}}, {\"added\": {\"name\": \"medication effect\", \"object\": \"Continue Using: How do I pick up the medication?\"}}, {\"changed\": {\"name\": \"medication effect\", \"object\": \"Methadone: How do I pick up the medication?\", \"fields\": [\"value\"]}}]"}}, {"model": "admin.logentry", "pk": 112, "fields": {"action_time": "2019-06-18T12:34:34.176Z", "user": 1, "content_type": 7, "object_id": "6", "object_repr": "How do I pick up the medication?", "action_flag": 3, "change_message": ""}}, {"model": "admin.logentry", "pk": 113, "fields": {"action_time": "2019-06-18T12:37:06.570Z", "user": 1, "content_type": 7, "object_id": "3", "object_repr": "How does medicine get in my body?", "action_flag": 2, "change_message": "[{\"changed\": {\"fields\": [\"name\"]}}, {\"added\": {\"name\": \"medication effect\", \"object\": \"Buprenorphine Sublingual: How does medicine get in my body?\"}}, {\"added\": {\"name\": \"medication effect\", \"object\": \"Naltrexone Injectable: How does medicine get in my body?\"}}, {\"added\": {\"name\": \"medication effect\", \"object\": \"No Medicine: How does medicine get in my body?\"}}, {\"added\": {\"name\": \"medication effect\", \"object\": \"Continue Using: How does medicine get in my body?\"}}, {\"changed\": {\"name\": \"medication effect\", \"object\": \"Methadone: How does medicine get in my body?\", \"fields\": [\"value\"]}}]"}}, {"model": "admin.logentry", "pk": 114, "fields": {"action_time": "2019-06-18T12:56:23.796Z", "user": 1, "content_type": 7, "object_id": "7", "object_repr": "Common side effects", "action_flag": 2, "change_message": "[{\"added\": {\"name\": \"medication effect\", \"object\": \"Buprenorphine Sublingual: Common side effects\"}}, {\"added\": {\"name\": \"medication effect\", \"object\": \"Buprenorphine Sublingual: Common side effects\"}}, {\"added\": {\"name\": \"medication effect\", \"object\": \"Naltrexone Injectable: Common side effects\"}}, {\"added\": {\"name\": \"medication effect\", \"object\": \"No Medicine: Common side effects\"}}, {\"added\": {\"name\": \"medication effect\", \"object\": \"Continue Using: Common side effects\"}}, {\"added\": {\"name\": \"medication effect\", \"object\": \"Continue Using: Common side effects\"}}, {\"added\": {\"name\": \"medication effect\", \"object\": \"Continue Using: Common side effects\"}}, {\"added\": {\"name\": \"medication effect\", \"object\": \"Continue Using: Common side effects\"}}]"}}, {"model": "admin.logentry", "pk": 115, "fields": {"action_time": "2019-06-18T13:03:33.392Z", "user": 1, "content_type": 7, "object_id": "8", "object_repr": "Cost without insurance", "action_flag": 2, "change_message": "[{\"changed\": {\"fields\": [\"description\"]}}, {\"added\": {\"name\": \"medication effect\", \"object\": \"Buprenorphine Sublingual: Cost without insurance\"}}, {\"added\": {\"name\": \"medication effect\", \"object\": \"Naltrexone Injectable: Cost without insurance\"}}, {\"added\": {\"name\": \"medication effect\", \"object\": \"No Medicine: Cost without insurance\"}}, {\"added\": {\"name\": \"medication effect\", \"object\": \"Continue Using: Cost without insurance\"}}]"}}, {"model": "admin.logentry", "pk": 116, "fields": {"action_time": "2019-06-18T13:16:30.133Z", "user": 1, "content_type": 7, "object_id": "8", "object_repr": "Cost without insurance", "action_flag": 2, "change_message": "[{\"changed\": {\"fields\": [\"description\"]}}]"}}, {"model": "admin.logentry", "pk": 117, "fields": {"action_time": "2019-06-18T13:18:27.313Z", "user": 1, "content_type": 14, "object_id": "10", "object_repr": "Page object (10)", "action_flag": 2, "change_message": "[{\"changed\": {\"fields\": [\"content\"]}}]"}}, {"model": "admin.logentry", "pk": 118, "fields": {"action_time": "2019-06-18T13:47:27.060Z", "user": 1, "content_type": 14, "object_id": "11", "object_repr": "Page object (11)", "action_flag": 2, "change_message": "[{\"changed\": {\"fields\": [\"title\", \"content\"]}}]"}}, {"model": "admin.logentry", "pk": 119, "fields": {"action_time": "2019-06-18T13:50:13.381Z", "user": 1, "content_type": 7, "object_id": "13", "object_repr": "Intensity of withdrawal if you stop", "action_flag": 2, "change_message": "[{\"changed\": {\"fields\": [\"name\", \"category\"]}}, {\"added\": {\"name\": \"medication effect\", \"object\": \"Buprenorphine Sublingual: Intensity of withdrawal if you stop\"}}, {\"added\": {\"name\": \"medication effect\", \"object\": \"Naltrexone Injectable: Intensity of withdrawal if you stop\"}}, {\"added\": {\"name\": \"medication effect\", \"object\": \"No Medicine: Intensity of withdrawal if you stop\"}}, {\"added\": {\"name\": \"medication effect\", \"object\": \"Continue Using: Intensity of withdrawal if you stop\"}}, {\"changed\": {\"name\": \"medication effect\", \"object\": \"Methadone: Intensity of withdrawal if you stop\", \"fields\": [\"value\", \"comparison\"]}}]"}}, {"model": "admin.logentry", "pk": 120, "fields": {"action_time": "2019-06-18T13:50:39.183Z", "user": 1, "content_type": 7, "object_id": "9", "object_repr": "Stopping the medication leads to", "action_flag": 3, "change_message": ""}}, {"model": "admin.logentry", "pk": 121, "fields": {"action_time": "2019-06-18T13:57:37.601Z", "user": 1, "content_type": 7, "object_id": "21", "object_repr": "How long is withdrawal if you stop", "action_flag": 1, "change_message": "[{\"added\": {}}, {\"added\": {\"name\": \"medication effect\", \"object\": \"Buprenorphine Sublingual: How long is withdrawal if you stop\"}}, {\"added\": {\"name\": \"medication effect\", \"object\": \"Naltrexone Injectable: How long is withdrawal if you stop\"}}, {\"added\": {\"name\": \"medication effect\", \"object\": \"No Medicine: How long is withdrawal if you stop\"}}, {\"added\": {\"name\": \"medication effect\", \"object\": \"Continue Using: How long is withdrawal if you stop\"}}, {\"added\": {\"name\": \"medication effect\", \"object\": \"Methadone: How long is withdrawal if you stop\"}}]"}}, {"model": "admin.logentry", "pk": 122, "fields": {"action_time": "2019-06-18T13:59:00.078Z", "user": 1, "content_type": 7, "object_id": "14", "object_repr": "Risk of death if you stop", "action_flag": 2, "change_message": "[{\"changed\": {\"fields\": [\"description\"]}}, {\"added\": {\"name\": \"medication effect\", \"object\": \"Buprenorphine Sublingual: Risk of death if you stop\"}}, {\"added\": {\"name\": \"medication effect\", \"object\": \"Naltrexone Injectable: Risk of death if you stop\"}}, {\"added\": {\"name\": \"medication effect\", \"object\": \"No Medicine: Risk of death if you stop\"}}, {\"added\": {\"name\": \"medication effect\", \"object\": \"Continue Using: Risk of death if you stop\"}}]"}}, {"model": "admin.logentry", "pk": 123, "fields": {"action_time": "2019-06-18T14:00:29.462Z", "user": 1, "content_type": 14, "object_id": "11", "object_repr": "Page object (11)", "action_flag": 2, "change_message": "[{\"changed\": {\"fields\": [\"content\"]}}]"}}, {"model": "admin.logentry", "pk": 124, "fields": {"action_time": "2019-06-18T14:02:22.959Z", "user": 1, "content_type": 7, "object_id": "14", "object_repr": "Risk of death right after stopping", "action_flag": 2, "change_message": "[{\"changed\": {\"fields\": [\"name\", \"category\", \"description\"]}}, {\"changed\": {\"name\": \"medication effect\", \"object\": \"Buprenorphine Sublingual: Risk of death right after stopping\", \"fields\": [\"value\"]}}]"}}, {"model": "admin.logentry", "pk": 125, "fields": {"action_time": "2019-06-18T14:03:31.267Z", "user": 1, "content_type": 7, "object_id": "14", "object_repr": "Risk of death right after stopping", "action_flag": 2, "change_message": "[{\"changed\": {\"name\": \"medication effect\", \"object\": \"Buprenorphine Sublingual: Risk of death right after stopping\", \"fields\": [\"value\", \"comparison\"]}}, {\"changed\": {\"name\": \"medication effect\", \"object\": \"Naltrexone Injectable: Risk of death right after stopping\", \"fields\": [\"value\", \"comparison\"]}}, {\"changed\": {\"name\": \"medication effect\", \"object\": \"No Medicine: Risk of death right after stopping\", \"fields\": [\"value\", \"comparison\"]}}, {\"changed\": {\"name\": \"medication effect\", \"object\": \"Continue Using: Risk of death right after stopping\", \"fields\": [\"value\", \"comparison\"]}}, {\"changed\": {\"name\": \"medication effect\", \"object\": \"Methadone: Risk of death right after stopping\", \"fields\": [\"value\", \"comparison\"]}}]"}}, {"model": "admin.logentry", "pk": 126, "fields": {"action_time": "2019-06-18T18:12:24.178Z", "user": 1, "content_type": 7, "object_id": "16", "object_repr": "Stop Relapse", "action_flag": 2, "change_message": "[{\"changed\": {\"fields\": [\"category\"]}}]"}}, {"model": "admin.logentry", "pk": 127, "fields": {"action_time": "2019-06-19T15:35:35.995Z", "user": 1, "content_type": 16, "object_id": "1", "object_repr": "Have you ever taken any of the following drugs?", "action_flag": 1, "change_message": "[{\"added\": {}}, {\"added\": {\"name\": \"question\", \"object\": \"Heroin\"}}, {\"added\": {\"name\": \"question\", \"object\": \"Methadone\"}}, {\"added\": {\"name\": \"question\", \"object\": \"Buprenorphine\"}}, {\"added\": {\"name\": \"question\", \"object\": \"Morphine\"}}, {\"added\": {\"name\": \"question\", \"object\": \"MS Contin\"}}, {\"added\": {\"name\": \"question\", \"object\": \"Oxycontin\"}}, {\"added\": {\"name\": \"question\", \"object\": \"Oxycodone\"}}, {\"added\": {\"name\": \"question\", \"object\": \"Other opioid analgesics\"}}]"}}, {"model": "admin.logentry", "pk": 128, "fields": {"action_time": "2019-06-19T15:50:30.282Z", "user": 1, "content_type": 14, "object_id": "5", "object_repr": "What is opioid use disorder?: What is an opioid use disorder?", "action_flag": 2, "change_message": "[{\"changed\": {\"fields\": [\"content\"]}}]"}}, {"model": "admin.logentry", "pk": 129, "fields": {"action_time": "2019-06-19T15:51:10.266Z", "user": 1, "content_type": 14, "object_id": "12", "object_repr": "What is opioid use disorder?: What is an opioid disorder 2", "action_flag": 1, "change_message": "[{\"added\": {}}]"}}, {"model": "admin.logentry", "pk": 130, "fields": {"action_time": "2019-06-19T15:53:55.739Z", "user": 1, "content_type": 14, "object_id": "12", "object_repr": "What is opioid use disorder?: What is an opioid disorder?", "action_flag": 2, "change_message": "[{\"changed\": {\"fields\": [\"title\"]}}]"}}, {"model": "admin.logentry", "pk": 131, "fields": {"action_time": "2019-06-19T15:54:12.696Z", "user": 1, "content_type": 14, "object_id": "12", "object_repr": "What is opioid use disorder?: What is an opioid use disorder?", "action_flag": 2, "change_message": "[{\"changed\": {\"fields\": [\"title\"]}}]"}}, {"model": "admin.logentry", "pk": 132, "fields": {"action_time": "2019-06-19T15:55:26.061Z", "user": 1, "content_type": 14, "object_id": "6", "object_repr": "Treatment: What does treatment for opioid use disorder look like?", "action_flag": 2, "change_message": "[{\"changed\": {\"fields\": [\"content\"]}}]"}}, {"model": "admin.logentry", "pk": 133, "fields": {"action_time": "2019-06-19T16:51:11.008Z", "user": 1, "content_type": 14, "object_id": "25", "object_repr": "Stopping: Test page", "action_flag": 1, "change_message": "[{\"added\": {}}]"}}, {"model": "admin.logentry", "pk": 134, "fields": {"action_time": "2019-06-19T16:58:43.014Z", "user": 1, "content_type": 16, "object_id": "1", "object_repr": "Have you ever taken any of the following drugs?", "action_flag": 2, "change_message": "[]"}}, {"model": "admin.logentry", "pk": 135, "fields": {"action_time": "2019-06-19T17:00:59.384Z", "user": 1, "content_type": 14, "object_id": "27", "object_repr": "Treatment: 2. What does treatment for opioid use disorder look like?", "action_flag": 1, "change_message": "[{\"added\": {}}]"}}, {"model": "admin.logentry", "pk": 136, "fields": {"action_time": "2019-06-19T17:04:01.258Z", "user": 1, "content_type": 13, "object_id": "3", "object_repr": "Treatment", "action_flag": 2, "change_message": "[{\"changed\": {\"name\": \"page\", \"object\": \"Treatment: 1. What does treatment for opioid use disorder look like?\", \"fields\": [\"title\"]}}, {\"changed\": {\"name\": \"page\", \"object\": \"Treatment: What are my choices for medications?\", \"fields\": [\"order\"]}}, {\"changed\": {\"name\": \"page\", \"object\": \"Treatment: 2. What does treatment for opioid use disorder look like?\", \"fields\": [\"order\"]}}]"}}, {"model": "admin.logentry", "pk": 137, "fields": {"action_time": "2019-06-19T17:14:37.785Z", "user": 1, "content_type": 13, "object_id": "3", "object_repr": "Treatment", "action_flag": 2, "change_message": "[{\"added\": {\"name\": \"page\", \"object\": \"Treatment: 3. What does treatment for opioid use disorder look like?\"}}]"}}, {"model": "admin.logentry", "pk": 138, "fields": {"action_time": "2019-06-19T17:14:45.813Z", "user": 1, "content_type": 13, "object_id": "3", "object_repr": "Treatment", "action_flag": 2, "change_message": "[{\"changed\": {\"name\": \"page\", \"object\": \"Treatment: What are my choices for medications?\", \"fields\": [\"order\"]}}, {\"changed\": {\"name\": \"page\", \"object\": \"Treatment: 3. What does treatment for opioid use disorder look like?\", \"fields\": [\"order\"]}}]"}}, {"model": "admin.logentry", "pk": 139, "fields": {"action_time": "2019-06-19T17:15:12.616Z", "user": 1, "content_type": 14, "object_id": "28", "object_repr": "Treatment: 3. What does treatment for opioid use disorder look like?", "action_flag": 2, "change_message": "[{\"changed\": {\"fields\": [\"content\"]}}]"}}, {"model": "admin.logentry", "pk": 140, "fields": {"action_time": "2019-06-19T17:16:02.573Z", "user": 1, "content_type": 14, "object_id": "7", "object_repr": "Treatment: What are my choices for medications?", "action_flag": 2, "change_message": "[{\"changed\": {\"fields\": [\"content\"]}}]"}}, {"model": "admin.logentry", "pk": 141, "fields": {"action_time": "2019-06-19T17:18:16.034Z", "user": 1, "content_type": 14, "object_id": "29", "object_repr": "Treatment: What are my choices for medications?", "action_flag": 1, "change_message": "[{\"added\": {}}]"}}, {"model": "admin.logentry", "pk": 142, "fields": {"action_time": "2019-06-19T17:19:37.982Z", "user": 1, "content_type": 14, "object_id": "31", "object_repr": "Treatment: 3. What are my choices for medications?", "action_flag": 1, "change_message": "[{\"added\": {}}]"}}, {"model": "admin.logentry", "pk": 143, "fields": {"action_time": "2019-06-19T17:19:46.762Z", "user": 1, "content_type": 14, "object_id": "29", "object_repr": "Treatment: 2. What are my choices for medications?", "action_flag": 2, "change_message": "[{\"changed\": {\"fields\": [\"title\"]}}]"}}, {"model": "admin.logentry", "pk": 144, "fields": {"action_time": "2019-06-19T17:19:56.577Z", "user": 1, "content_type": 14, "object_id": "7", "object_repr": "Treatment: 1. What are my choices for medications?", "action_flag": 2, "change_message": "[{\"changed\": {\"fields\": [\"title\"]}}]"}}, {"model": "admin.logentry", "pk": 145, "fields": {"action_time": "2019-06-19T17:21:51.414Z", "user": 1, "content_type": 14, "object_id": "32", "object_repr": "Treatment: 4. What does treatment for opioid use disorder look like?", "action_flag": 1, "change_message": "[{\"added\": {}}]"}}, {"model": "admin.logentry", "pk": 146, "fields": {"action_time": "2019-06-19T17:23:02.252Z", "user": 1, "content_type": 14, "object_id": "33", "object_repr": "Treatment: 5. What are my choices for medications?", "action_flag": 1, "change_message": "[{\"added\": {}}]"}}, {"model": "admin.logentry", "pk": 147, "fields": {"action_time": "2019-06-19T17:23:38.758Z", "user": 1, "content_type": 14, "object_id": "32", "object_repr": "Treatment: 4. What are my choices for medications?", "action_flag": 2, "change_message": "[{\"changed\": {\"fields\": [\"title\", \"content\"]}}]"}}, {"model": "admin.logentry", "pk": 148, "fields": {"action_time": "2019-06-19T17:24:02.632Z", "user": 1, "content_type": 14, "object_id": "33", "object_repr": "Treatment: 5. What are my choices for medications?", "action_flag": 2, "change_message": "[{\"changed\": {\"fields\": [\"content\"]}}]"}}, {"model": "admin.logentry", "pk": 149, "fields": {"action_time": "2019-06-19T17:24:05.965Z", "user": 1, "content_type": 16, "object_id": "1", "object_repr": "Have you ever taken any of the following drugs?", "action_flag": 2, "change_message": "[{\"changed\": {\"fields\": [\"description\", \"points_to_pass\"]}}]"}}, {"model": "admin.logentry", "pk": 150, "fields": {"action_time": "2019-06-19T17:24:38.281Z", "user": 1, "content_type": 14, "object_id": "34", "object_repr": "Treatment: 6. What are my choices for medications?", "action_flag": 1, "change_message": "[{\"added\": {}}]"}}, {"model": "admin.logentry", "pk": 151, "fields": {"action_time": "2019-06-19T17:26:24.514Z", "user": 1, "content_type": 16, "object_id": "3", "object_repr": "Do I have opioid use disorder?", "action_flag": 1, "change_message": "[{\"added\": {}}, {\"added\": {\"name\": \"question\", \"object\": \"Did you ever need to use more opioids to get the same high as when you first started using opioids?\"}}, {\"added\": {\"name\": \"question\", \"object\": \"Did the idea of missing a fix (or dose) ever make you anxious or worried?\"}}, {\"added\": {\"name\": \"question\", \"object\": \"In the morning, did you ever use opioids to keep from feeling \\\"dope sick\\\" or did you ever feel \\\"dope sick\\\"?\"}}, {\"added\": {\"name\": \"question\", \"object\": \"Did you worry about your use of opioids?\"}}, {\"added\": {\"name\": \"question\", \"object\": \"Did you find it difficult to stop or not use opioids?\"}}, {\"added\": {\"name\": \"question\", \"object\": \"Did you ever need to spend a lot of time/energy on finding opioids or recovering from feeling high?\"}}, {\"added\": {\"name\": \"question\", \"object\": \"Did you ever miss important things like doctor's appointments, family/friend activities, or other things because of opioids?\"}}]"}}, {"model": "admin.logentry", "pk": 152, "fields": {"action_time": "2019-06-19T17:30:08.385Z", "user": 1, "content_type": 16, "object_id": "1", "object_repr": "Have you ever taken any of the following drugs?", "action_flag": 2, "change_message": "[]"}}, {"model": "admin.logentry", "pk": 153, "fields": {"action_time": "2019-06-19T17:59:28.791Z", "user": 1, "content_type": 14, "object_id": "10", "object_repr": "Burdens: 1. Daily life on medications", "action_flag": 2, "change_message": "[{\"changed\": {\"fields\": [\"title\"]}}]"}}, {"model": "admin.logentry", "pk": 154, "fields": {"action_time": "2019-06-19T17:59:51.562Z", "user": 1, "content_type": 14, "object_id": "35", "object_repr": "Burdens: 2. Daily Life on Medications", "action_flag": 1, "change_message": "[{\"added\": {}}]"}}, {"model": "admin.logentry", "pk": 155, "fields": {"action_time": "2019-06-20T17:35:08.539Z", "user": 1, "content_type": 14, "object_id": "7", "object_repr": "Treatment: 1. What are my choices for medications?", "action_flag": 2, "change_message": "[{\"changed\": {\"fields\": [\"chart\"]}}]"}}, {"model": "admin.logentry", "pk": 156, "fields": {"action_time": "2019-06-20T17:41:20.532Z", "user": 1, "content_type": 14, "object_id": "6", "object_repr": "Treatment: How do you treat opioid use disorder?", "action_flag": 2, "change_message": "[{\"changed\": {\"fields\": [\"title\"]}}]"}}, {"model": "admin.logentry", "pk": 157, "fields": {"action_time": "2019-06-20T17:41:51.480Z", "user": 1, "content_type": 14, "object_id": "27", "object_repr": "Treatment: How does treatment help?", "action_flag": 2, "change_message": "[{\"changed\": {\"fields\": [\"title\", \"content\"]}}]"}}, {"model": "admin.logentry", "pk": 158, "fields": {"action_time": "2019-06-20T17:42:08.970Z", "user": 1, "content_type": 14, "object_id": "28", "object_repr": "Treatment: How does treatment help in the long-term?", "action_flag": 2, "change_message": "[{\"changed\": {\"fields\": [\"title\"]}}]"}}, {"model": "admin.logentry", "pk": 159, "fields": {"action_time": "2019-06-20T17:42:23.116Z", "user": 1, "content_type": 14, "object_id": "27", "object_repr": "Treatment: Will treatment make me feel better?", "action_flag": 2, "change_message": "[{\"changed\": {\"fields\": [\"title\"]}}]"}}, {"model": "admin.logentry", "pk": 160, "fields": {"action_time": "2019-06-20T17:42:34.404Z", "user": 1, "content_type": 14, "object_id": "27", "object_repr": "Treatment: Will treatment help me feel better?", "action_flag": 2, "change_message": "[{\"changed\": {\"fields\": [\"title\"]}}]"}}, {"model": "admin.logentry", "pk": 161, "fields": {"action_time": "2019-06-20T17:42:57.277Z", "user": 1, "content_type": 14, "object_id": "7", "object_repr": "Treatment: What are my choices for medications?", "action_flag": 2, "change_message": "[{\"changed\": {\"fields\": [\"title\"]}}]"}}, {"model": "admin.logentry", "pk": 162, "fields": {"action_time": "2019-06-20T17:43:27.006Z", "user": 1, "content_type": 14, "object_id": "29", "object_repr": "Treatment: Methadone", "action_flag": 2, "change_message": "[{\"changed\": {\"fields\": [\"title\", \"content\"]}}]"}}, {"model": "admin.logentry", "pk": 163, "fields": {"action_time": "2019-06-20T17:44:43.865Z", "user": 1, "content_type": 14, "object_id": "31", "object_repr": "Treatment: Buprenorphine", "action_flag": 2, "change_message": "[{\"changed\": {\"fields\": [\"title\", \"content\"]}}]"}}, {"model": "admin.logentry", "pk": 164, "fields": {"action_time": "2019-06-20T17:45:17.988Z", "user": 1, "content_type": 14, "object_id": "32", "object_repr": "Treatment: Naltrexone", "action_flag": 2, "change_message": "[{\"changed\": {\"fields\": [\"title\", \"content\"]}}]"}}, {"model": "admin.logentry", "pk": 165, "fields": {"action_time": "2019-06-20T17:46:29.170Z", "user": 1, "content_type": 14, "object_id": "33", "object_repr": "Treatment: What is in common for all these medicines?", "action_flag": 2, "change_message": "[{\"changed\": {\"fields\": [\"title\", \"content\"]}}]"}}, {"model": "admin.logentry", "pk": 166, "fields": {"action_time": "2019-06-20T17:47:05.156Z", "user": 1, "content_type": 14, "object_id": "34", "object_repr": "Treatment: Comparing the Benefits of Medications", "action_flag": 2, "change_message": "[{\"changed\": {\"fields\": [\"title\"]}}]"}}, {"model": "admin.logentry", "pk": 167, "fields": {"action_time": "2019-06-20T17:47:21.453Z", "user": 1, "content_type": 14, "object_id": "10", "object_repr": "Burdens: 1. Daily life on medications", "action_flag": 2, "change_message": "[{\"changed\": {\"fields\": [\"chart\"]}}]"}}, {"model": "admin.logentry", "pk": 168, "fields": {"action_time": "2019-06-20T17:56:50.090Z", "user": 1, "content_type": 10, "object_id": "2", "object_repr": "Burdens of Medication", "action_flag": 2, "change_message": "[{\"added\": {\"name\": \"chart effect\", \"object\": \"ChartEffect object (13)\"}}, {\"added\": {\"name\": \"chart effect\", \"object\": \"ChartEffect object (14)\"}}, {\"changed\": {\"name\": \"chart effect\", \"object\": \"ChartEffect object (9)\", \"fields\": [\"order\"]}}, {\"changed\": {\"name\": \"chart effect\", \"object\": \"ChartEffect object (10)\", \"fields\": [\"order\"]}}]"}}, {"model": "admin.logentry", "pk": 169, "fields": {"action_time": "2019-06-20T17:57:01.952Z", "user": 1, "content_type": 10, "object_id": "2", "object_repr": "Burdens of Medication", "action_flag": 2, "change_message": "[{\"changed\": {\"name\": \"chart effect\", \"object\": \"ChartEffect object (9)\", \"fields\": [\"order\"]}}, {\"changed\": {\"name\": \"chart effect\", \"object\": \"ChartEffect object (10)\", \"fields\": [\"order\"]}}, {\"changed\": {\"name\": \"chart effect\", \"object\": \"ChartEffect object (13)\", \"fields\": [\"order\"]}}, {\"changed\": {\"name\": \"chart effect\", \"object\": \"ChartEffect object (14)\", \"fields\": [\"order\"]}}]"}}, {"model": "admin.logentry", "pk": 170, "fields": {"action_time": "2019-06-20T18:09:57.990Z", "user": 1, "content_type": 14, "object_id": "11", "object_repr": "Stopping: How Long is Treatment?", "action_flag": 2, "change_message": "[{\"changed\": {\"fields\": [\"title\", \"content\"]}}]"}}, {"model": "admin.logentry", "pk": 171, "fields": {"action_time": "2019-06-20T18:10:39.535Z", "user": 1, "content_type": 14, "object_id": "36", "object_repr": "Stopping: How do I end treatment?", "action_flag": 1, "change_message": "[{\"added\": {}}]"}}, {"model": "admin.logentry", "pk": 172, "fields": {"action_time": "2019-06-20T18:11:10.700Z", "user": 1, "content_type": 14, "object_id": "37", "object_repr": "Stopping: What happens if I stop treatment on my own?", "action_flag": 1, "change_message": "[{\"added\": {}}]"}}, {"model": "admin.logentry", "pk": 173, "fields": {"action_time": "2019-06-20T18:12:10.939Z", "user": 1, "content_type": 14, "object_id": "38", "object_repr": "Stopping: Stopping medications suddenly", "action_flag": 1, "change_message": "[{\"added\": {}}]"}}, {"model": "admin.logentry", "pk": 174, "fields": {"action_time": "2019-06-20T18:20:55.291Z", "user": 1, "content_type": 14, "object_id": "4", "object_repr": "What is opioid use disorder?: What are opioids?", "action_flag": 2, "change_message": "[{\"changed\": {\"fields\": [\"content\"]}}]"}}, {"model": "admin.logentry", "pk": 175, "fields": {"action_time": "2019-06-20T18:21:30.397Z", "user": 1, "content_type": 14, "object_id": "39", "object_repr": "What is opioid use disorder?: Examples of opioids", "action_flag": 1, "change_message": "[{\"added\": {}}]"}}, {"model": "admin.logentry", "pk": 176, "fields": {"action_time": "2019-06-20T18:21:46.799Z", "user": 1, "content_type": 13, "object_id": "2", "object_repr": "What is opioid use disorder?", "action_flag": 2, "change_message": "[{\"changed\": {\"name\": \"page\", \"object\": \"What is opioid use disorder?: What is an opioid use disorder?\", \"fields\": [\"order\"]}}, {\"changed\": {\"name\": \"page\", \"object\": \"What is opioid use disorder?: What is an opioid use disorder?\", \"fields\": [\"order\"]}}, {\"changed\": {\"name\": \"page\", \"object\": \"What is opioid use disorder?: Examples of opioids\", \"fields\": [\"order\"]}}]"}}, {"model": "admin.logentry", "pk": 177, "fields": {"action_time": "2019-06-20T18:21:55.575Z", "user": 1, "content_type": 13, "object_id": "5", "object_repr": "Stopping", "action_flag": 2, "change_message": "[{\"changed\": {\"name\": \"page\", \"object\": \"Stopping: Test page\", \"fields\": [\"order\"]}}, {\"changed\": {\"name\": \"page\", \"object\": \"Stopping: How do I end treatment?\", \"fields\": [\"order\"]}}, {\"changed\": {\"name\": \"page\", \"object\": \"Stopping: What happens if I stop treatment on my own?\", \"fields\": [\"order\"]}}, {\"changed\": {\"name\": \"page\", \"object\": \"Stopping: Stopping medications suddenly\", \"fields\": [\"order\"]}}]"}}, {"model": "admin.logentry", "pk": 178, "fields": {"action_time": "2019-06-20T18:41:00.035Z", "user": 1, "content_type": 14, "object_id": "34", "object_repr": "Treatment: Comparing the Benefits of Medications", "action_flag": 2, "change_message": "[{\"changed\": {\"fields\": [\"content\"]}}]"}}, {"model": "admin.logentry", "pk": 179, "fields": {"action_time": "2019-06-20T18:41:56.494Z", "user": 1, "content_type": 14, "object_id": "34", "object_repr": "Treatment: Comparing the Benefits of Medications", "action_flag": 2, "change_message": "[{\"changed\": {\"fields\": [\"content\"]}}]"}}, {"model": "admin.logentry", "pk": 180, "fields": {"action_time": "2019-06-20T18:42:15.068Z", "user": 1, "content_type": 14, "object_id": "34", "object_repr": "Treatment: Comparing the Benefits of Medications", "action_flag": 2, "change_message": "[{\"changed\": {\"fields\": [\"content\"]}}]"}}, {"model": "admin.logentry", "pk": 181, "fields": {"action_time": "2019-06-20T23:28:03.541Z", "user": 1, "content_type": 14, "object_id": "5", "object_repr": "What is opioid use disorder?: What is an opioid use disorder?", "action_flag": 2, "change_message": "[{\"changed\": {\"fields\": [\"quiz\"]}}]"}}, {"model": "admin.logentry", "pk": 182, "fields": {"action_time": "2019-06-20T23:28:06.332Z", "user": 1, "content_type": 14, "object_id": "12", "object_repr": "What is opioid use disorder?: What is an opioid use disorder?", "action_flag": 2, "change_message": "[{\"changed\": {\"fields\": [\"quiz\"]}}]"}}, {"model": "admin.logentry", "pk": 183, "fields": {"action_time": "2019-06-20T23:29:26.625Z", "user": 1, "content_type": 8, "object_id": "2", "object_repr": "Naltrexone", "action_flag": 2, "change_message": "[{\"changed\": {\"fields\": [\"name\", \"slug\"]}}]"}}, {"model": "admin.logentry", "pk": 184, "fields": {"action_time": "2019-06-20T23:29:47.541Z", "user": 1, "content_type": 8, "object_id": "1", "object_repr": "Buprenorphine", "action_flag": 2, "change_message": "[{\"changed\": {\"fields\": [\"name\", \"slug\"]}}]"}}, {"model": "admin.logentry", "pk": 185, "fields": {"action_time": "2019-06-20T23:33:05.024Z", "user": 1, "content_type": 14, "object_id": "25", "object_repr": "Stopping: Test page", "action_flag": 3, "change_message": ""}}, {"model": "admin.logentry", "pk": 186, "fields": {"action_time": "2019-06-21T14:01:47.788Z", "user": 1, "content_type": 14, "object_id": "27", "object_repr": "Treatment: Will treatment help me feel better?", "action_flag": 2, "change_message": "[{\"changed\": {\"fields\": [\"content\"]}}]"}}, {"model": "admin.logentry", "pk": 187, "fields": {"action_time": "2019-06-21T14:02:13.973Z", "user": 1, "content_type": 14, "object_id": "29", "object_repr": "Treatment: Methadone", "action_flag": 2, "change_message": "[{\"changed\": {\"fields\": [\"content\"]}}]"}}, {"model": "admin.logentry", "pk": 188, "fields": {"action_time": "2019-06-21T14:02:26.598Z", "user": 1, "content_type": 14, "object_id": "31", "object_repr": "Treatment: Buprenorphine", "action_flag": 2, "change_message": "[{\"changed\": {\"fields\": [\"content\"]}}]"}}, {"model": "admin.logentry", "pk": 189, "fields": {"action_time": "2019-06-21T14:03:55.379Z", "user": 1, "content_type": 14, "object_id": "11", "object_repr": "Stopping: How Long is Treatment?", "action_flag": 2, "change_message": "[{\"changed\": {\"fields\": [\"chart\"]}}]"}}, {"model": "admin.logentry", "pk": 190, "fields": {"action_time": "2019-06-21T18:22:21.275Z", "user": 1, "content_type": 14, "object_id": "29", "object_repr": "Treatment: Methadone", "action_flag": 2, "change_message": "[{\"changed\": {\"fields\": [\"content\"]}}]"}}, {"model": "admin.logentry", "pk": 191, "fields": {"action_time": "2019-06-21T18:22:51.434Z", "user": 1, "content_type": 14, "object_id": "31", "object_repr": "Treatment: Buprenorphine", "action_flag": 2, "change_message": "[{\"changed\": {\"fields\": [\"content\"]}}]"}}, {"model": "admin.logentry", "pk": 192, "fields": {"action_time": "2019-06-21T18:23:15.651Z", "user": 1, "content_type": 14, "object_id": "32", "object_repr": "Treatment: Naltrexone", "action_flag": 2, "change_message": "[{\"changed\": {\"fields\": [\"content\"]}}]"}}, {"model": "admin.logentry", "pk": 193, "fields": {"action_time": "2019-06-21T18:23:36.393Z", "user": 1, "content_type": 14, "object_id": "31", "object_repr": "Treatment: Buprenorphine", "action_flag": 2, "change_message": "[{\"changed\": {\"fields\": [\"content\"]}}]"}}, {"model": "admin.logentry", "pk": 194, "fields": {"action_time": "2019-06-21T18:25:21.568Z", "user": 1, "content_type": 14, "object_id": "33", "object_repr": "Treatment: What is true of all medications?", "action_flag": 2, "change_message": "[{\"changed\": {\"fields\": [\"title\", \"content\"]}}]"}}, {"model": "admin.logentry", "pk": 195, "fields": {"action_time": "2019-06-21T18:26:09.616Z", "user": 1, "content_type": 14, "object_id": "34", "object_repr": "Treatment: Benefits of Medications", "action_flag": 2, "change_message": "[{\"changed\": {\"fields\": [\"title\", \"content\"]}}]"}}, {"model": "admin.logentry", "pk": 196, "fields": {"action_time": "2019-06-21T18:27:05.902Z", "user": 1, "content_type": 7, "object_id": "19", "object_repr": "Life Function", "action_flag": 2, "change_message": "[{\"changed\": {\"fields\": [\"name\"]}}]"}}, {"model": "admin.logentry", "pk": 197, "fields": {"action_time": "2019-06-21T18:29:33.047Z", "user": 1, "content_type": 7, "object_id": "1", "object_repr": "Symptom Relief", "action_flag": 2, "change_message": "[{\"changed\": {\"fields\": [\"description\"]}}]"}}, {"model": "admin.logentry", "pk": 198, "fields": {"action_time": "2019-06-21T18:32:22.420Z", "user": 1, "content_type": 7, "object_id": "15", "object_repr": "Life saving", "action_flag": 2, "change_message": "[{\"changed\": {\"fields\": [\"description\"]}}]"}}, {"model": "admin.logentry", "pk": 199, "fields": {"action_time": "2019-06-21T18:33:12.151Z", "user": 1, "content_type": 7, "object_id": "16", "object_repr": "Stop Relapse", "action_flag": 2, "change_message": "[]"}}, {"model": "admin.logentry", "pk": 200, "fields": {"action_time": "2019-06-21T18:38:34.032Z", "user": 1, "content_type": 14, "object_id": "4", "object_repr": "What is opioid use disorder?: What are opioids?", "action_flag": 2, "change_message": "[]"}}, {"model": "admin.logentry", "pk": 201, "fields": {"action_time": "2019-06-21T18:39:20.234Z", "user": 1, "content_type": 14, "object_id": "4", "object_repr": "What is opioid use disorder?: What are opioids?", "action_flag": 2, "change_message": "[{\"changed\": {\"fields\": [\"content\"]}}]"}}, {"model": "admin.logentry", "pk": 202, "fields": {"action_time": "2019-06-21T18:39:43.900Z", "user": 1, "content_type": 14, "object_id": "4", "object_repr": "What is opioid use disorder?: What are opioids?", "action_flag": 2, "change_message": "[{\"changed\": {\"fields\": [\"content\"]}}]"}}, {"model": "admin.logentry", "pk": 203, "fields": {"action_time": "2019-06-21T18:42:43.500Z", "user": 1, "content_type": 14, "object_id": "10", "object_repr": "Burdens: Daily life on medications", "action_flag": 2, "change_message": "[{\"changed\": {\"fields\": [\"title\", \"content\"]}}]"}}, {"model": "admin.logentry", "pk": 204, "fields": {"action_time": "2019-06-21T18:48:29.450Z", "user": 1, "content_type": 7, "object_id": "7", "object_repr": "Common side effects", "action_flag": 2, "change_message": "[{\"changed\": {\"fields\": [\"description\"]}}, {\"changed\": {\"name\": \"medication effect\", \"object\": \"Methadone: Common side effects\", \"fields\": [\"label\", \"value\", \"comparison\"]}}, {\"deleted\": {\"name\": \"medication effect\", \"object\": \"Methadone: Common side effects\"}}, {\"deleted\": {\"name\": \"medication effect\", \"object\": \"Methadone: Common side effects\"}}, {\"deleted\": {\"name\": \"medication effect\", \"object\": \"Methadone: Common side effects\"}}]"}}, {"model": "admin.logentry", "pk": 205, "fields": {"action_time": "2019-06-21T18:48:58.323Z", "user": 1, "content_type": 14, "object_id": "35", "object_repr": "Burdens: Daily Life on Medications", "action_flag": 2, "change_message": "[{\"changed\": {\"fields\": [\"title\"]}}]"}}, {"model": "admin.logentry", "pk": 206, "fields": {"action_time": "2019-06-21T18:49:19.434Z", "user": 1, "content_type": 14, "object_id": "10", "object_repr": "Burdens: Daily Life on Medication", "action_flag": 2, "change_message": "[{\"changed\": {\"fields\": [\"title\"]}}]"}}, {"model": "admin.logentry", "pk": 207, "fields": {"action_time": "2019-06-21T18:49:36.731Z", "user": 1, "content_type": 14, "object_id": "36", "object_repr": "Stopping: How Do I End Treatment?", "action_flag": 2, "change_message": "[{\"changed\": {\"fields\": [\"title\"]}}]"}}, {"model": "admin.logentry", "pk": 208, "fields": {"action_time": "2019-06-21T19:01:01.646Z", "user": 1, "content_type": 7, "object_id": "14", "object_repr": "Risk of death right after stopping", "action_flag": 2, "change_message": "[{\"added\": {\"name\": \"medication effect\", \"object\": \"No Medicine: Risk of death right after stopping\"}}, {\"changed\": {\"name\": \"medication effect\", \"object\": \"No Medicine: Risk of death right after stopping\", \"fields\": [\"day\"]}}]"}}, {"model": "admin.logentry", "pk": 209, "fields": {"action_time": "2019-06-21T19:03:59.837Z", "user": 1, "content_type": 7, "object_id": "14", "object_repr": "Risk of death right after stopping", "action_flag": 2, "change_message": "[{\"changed\": {\"name\": \"medication effect\", \"object\": \"No Medicine: Risk of death right after stopping\", \"fields\": [\"value\"]}}, {\"added\": {\"name\": \"medication effect\", \"object\": \"Continue Using: Risk of death right after stopping\"}}, {\"changed\": {\"name\": \"medication effect\", \"object\": \"Continue Using: Risk of death right after stopping\", \"fields\": [\"day\"]}}, {\"added\": {\"name\": \"medication effect\", \"object\": \"Methadone: Risk of death right after stopping\"}}, {\"changed\": {\"name\": \"medication effect\", \"object\": \"Methadone: Risk of death right after stopping\", \"fields\": [\"day\"]}}, {\"added\": {\"name\": \"medication effect\", \"object\": \"Naltrexone: Risk of death right after stopping\"}}, {\"changed\": {\"name\": \"medication effect\", \"object\": \"Naltrexone: Risk of death right after stopping\", \"fields\": [\"day\"]}}, {\"added\": {\"name\": \"medication effect\", \"object\": \"Buprenorphine: Risk of death right after stopping\"}}, {\"changed\": {\"name\": \"medication effect\", \"object\": \"Buprenorphine: Risk of death right after stopping\", \"fields\": [\"day\"]}}]"}}, {"model": "admin.logentry", "pk": 210, "fields": {"action_time": "2019-06-21T19:24:55.688Z", "user": 1, "content_type": 14, "object_id": "4", "object_repr": "What is opioid use disorder?: What are opioids?", "action_flag": 2, "change_message": "[{\"changed\": {\"fields\": [\"content\"]}}]"}}, {"model": "admin.logentry", "pk": 211, "fields": {"action_time": "2019-06-21T19:28:02.827Z", "user": 1, "content_type": 14, "object_id": "4", "object_repr": "What is opioid use disorder?: What are opioids?", "action_flag": 2, "change_message": "[]"}}, {"model": "admin.logentry", "pk": 212, "fields": {"action_time": "2019-06-21T19:45:07.010Z", "user": 1, "content_type": 14, "object_id": "4", "object_repr": "What is opioid use disorder?: What are opioids?", "action_flag": 2, "change_message": "[{\"changed\": {\"fields\": [\"content\"]}}]"}}, {"model": "admin.logentry", "pk": 213, "fields": {"action_time": "2019-06-21T20:25:02.892Z", "user": 1, "content_type": 14, "object_id": "4", "object_repr": "What is opioid use disorder?: What are opioids?", "action_flag": 2, "change_message": "[{\"changed\": {\"fields\": [\"content\"]}}]"}}, {"model": "admin.logentry", "pk": 214, "fields": {"action_time": "2019-06-21T20:25:12.158Z", "user": 1, "content_type": 14, "object_id": "4", "object_repr": "What is opioid use disorder?: What are opioids?", "action_flag": 2, "change_message": "[{\"changed\": {\"fields\": [\"content\"]}}]"}}, {"model": "admin.logentry", "pk": 215, "fields": {"action_time": "2019-06-21T20:39:20.204Z", "user": 1, "content_type": 7, "object_id": "14", "object_repr": "Risk of death right after stopping", "action_flag": 2, "change_message": "[{\"changed\": {\"name\": \"medication effect\", \"object\": \"Continue Using: Risk of death right after stopping\", \"fields\": [\"day\"]}}]"}}, {"model": "admin.logentry", "pk": 216, "fields": {"action_time": "2019-06-22T00:19:44.098Z", "user": 1, "content_type": 14, "object_id": "4", "object_repr": "What is opioid use disorder?: What are opioids?", "action_flag": 2, "change_message": "[]"}}, {"model": "admin.logentry", "pk": 217, "fields": {"action_time": "2019-06-24T12:25:17.589Z", "user": 1, "content_type": 14, "object_id": "39", "object_repr": "What is opioid use disorder?: Examples of opioids", "action_flag": 2, "change_message": "[{\"changed\": {\"fields\": [\"content\"]}}]"}}, {"model": "admin.logentry", "pk": 218, "fields": {"action_time": "2019-06-24T12:27:41.688Z", "user": 1, "content_type": 7, "object_id": "8", "object_repr": "Cost without insurance", "action_flag": 2, "change_message": "[{\"changed\": {\"fields\": [\"description\"]}}]"}}, {"model": "admin.logentry", "pk": 219, "fields": {"action_time": "2019-06-24T12:28:10.919Z", "user": 1, "content_type": 14, "object_id": "11", "object_repr": "Stopping: How Long is Treatment?", "action_flag": 2, "change_message": "[{\"changed\": {\"fields\": [\"content\"]}}]"}}, {"model": "admin.logentry", "pk": 220, "fields": {"action_time": "2019-06-24T12:28:48.583Z", "user": 1, "content_type": 14, "object_id": "37", "object_repr": "Stopping: What happens if I stop treatment on my own?", "action_flag": 2, "change_message": "[{\"changed\": {\"fields\": [\"content\"]}}]"}}, {"model": "admin.logentry", "pk": 221, "fields": {"action_time": "2019-06-24T12:30:02.930Z", "user": 1, "content_type": 7, "object_id": "14", "object_repr": "Risk of death right after stopping", "action_flag": 2, "change_message": "[{\"changed\": {\"fields\": [\"description\"]}}]"}}, {"model": "admin.logentry", "pk": 222, "fields": {"action_time": "2019-06-24T12:33:56.655Z", "user": 1, "content_type": 13, "object_id": "4", "object_repr": "Daily Life", "action_flag": 2, "change_message": "[{\"changed\": {\"fields\": [\"title\"]}}]"}}, {"model": "admin.logentry", "pk": 223, "fields": {"action_time": "2019-06-24T12:34:06.088Z", "user": 1, "content_type": 13, "object_id": "3", "object_repr": "Treatment Benefits", "action_flag": 2, "change_message": "[{\"changed\": {\"fields\": [\"title\"]}}]"}}, {"model": "admin.logentry", "pk": 224, "fields": {"action_time": "2019-06-24T12:34:14.468Z", "user": 1, "content_type": 13, "object_id": "4", "object_repr": "Daily Life on Treatment", "action_flag": 2, "change_message": "[{\"changed\": {\"fields\": [\"title\"]}}]"}}, {"model": "admin.logentry", "pk": 225, "fields": {"action_time": "2019-06-24T12:34:26.477Z", "user": 1, "content_type": 13, "object_id": "5", "object_repr": "Ending Treatment", "action_flag": 2, "change_message": "[{\"changed\": {\"fields\": [\"title\"]}}]"}}, {"model": "admin.logentry", "pk": 226, "fields": {"action_time": "2019-06-24T14:37:29.275Z", "user": 1, "content_type": 7, "object_id": "7", "object_repr": "Common side effects", "action_flag": 2, "change_message": "[{\"changed\": {\"name\": \"medication effect\", \"object\": \"Continue Using: Common side effects\", \"fields\": [\"label\", \"value\", \"comparison\"]}}, {\"changed\": {\"name\": \"medication effect\", \"object\": \"Continue Using: Common side effects\", \"fields\": [\"label\", \"value\", \"comparison\"]}}, {\"changed\": {\"name\": \"medication effect\", \"object\": \"Continue Using: Common side effects\", \"fields\": [\"label\", \"value\", \"comparison\"]}}, {\"changed\": {\"name\": \"medication effect\", \"object\": \"Continue Using: Common side effects\", \"fields\": [\"label\", \"value\", \"comparison\"]}}]"}}, {"model": "admin.logentry", "pk": 227, "fields": {"action_time": "2019-06-24T18:37:58.245Z", "user": 1, "content_type": 17, "object_id": "1", "object_repr": "Pills", "action_flag": 1, "change_message": "[{\"added\": {}}]"}}, {"model": "admin.logentry", "pk": 228, "fields": {"action_time": "2019-06-24T18:38:31.596Z", "user": 1, "content_type": 7, "object_id": "20", "object_repr": "How the medicine gets in the body", "action_flag": 2, "change_message": "[{\"changed\": {\"name\": \"medication effect\", \"object\": \"Buprenorphine: How the medicine gets in the body\", \"fields\": [\"icon\"]}}]"}}, {"model": "admin.logentry", "pk": 229, "fields": {"action_time": "2019-06-24T18:39:41.501Z", "user": 1, "content_type": 7, "object_id": "3", "object_repr": "How does medicine get in my body?", "action_flag": 2, "change_message": "[{\"changed\": {\"name\": \"medication effect\", \"object\": \"Buprenorphine: How does medicine get in my body?\", \"fields\": [\"icon\"]}}]"}}, {"model": "admin.logentry", "pk": 230, "fields": {"action_time": "2019-06-24T18:44:08.885Z", "user": 1, "content_type": 17, "object_id": "2", "object_repr": "open-mouth", "action_flag": 1, "change_message": "[{\"added\": {}}]"}}, {"model": "admin.logentry", "pk": 231, "fields": {"action_time": "2019-06-24T18:49:25.033Z", "user": 1, "content_type": 17, "object_id": "3", "object_repr": "buttocks", "action_flag": 1, "change_message": "[{\"added\": {}}]"}}, {"model": "admin.logentry", "pk": 232, "fields": {"action_time": "2019-06-24T18:49:45.742Z", "user": 1, "content_type": 17, "object_id": "4", "object_repr": "nose", "action_flag": 1, "change_message": "[{\"added\": {}}]"}}, {"model": "admin.logentry", "pk": 233, "fields": {"action_time": "2019-06-24T18:50:02.968Z", "user": 1, "content_type": 17, "object_id": "5", "object_repr": "injection", "action_flag": 1, "change_message": "[{\"added\": {}}]"}}, {"model": "admin.logentry", "pk": 234, "fields": {"action_time": "2019-06-24T19:10:36.439Z", "user": 1, "content_type": 17, "object_id": "6", "object_repr": "clinic", "action_flag": 1, "change_message": "[{\"added\": {}}]"}}, {"model": "admin.logentry", "pk": 235, "fields": {"action_time": "2019-06-24T19:10:53.796Z", "user": 1, "content_type": 17, "object_id": "7", "object_repr": "house", "action_flag": 1, "change_message": "[{\"added\": {}}]"}}, {"model": "admin.logentry", "pk": 236, "fields": {"action_time": "2019-06-24T19:22:15.030Z", "user": 1, "content_type": 17, "object_id": "8", "object_repr": "street", "action_flag": 1, "change_message": "[{\"added\": {}}]"}}, {"model": "admin.logentry", "pk": 237, "fields": {"action_time": "2019-06-24T19:42:58.469Z", "user": 1, "content_type": 14, "object_id": "27", "object_repr": "Treatment Benefits: How does treatment help in the short-term?", "action_flag": 2, "change_message": "[{\"changed\": {\"fields\": [\"title\", \"content\"]}}]"}}, {"model": "admin.logentry", "pk": 238, "fields": {"action_time": "2019-06-24T19:43:14.281Z", "user": 1, "content_type": 14, "object_id": "28", "object_repr": "Treatment Benefits: How does treatment help in the long-term?", "action_flag": 2, "change_message": "[{\"changed\": {\"fields\": [\"content\"]}}]"}}, {"model": "admin.logentry", "pk": 239, "fields": {"action_time": "2019-06-24T19:57:31.159Z", "user": 1, "content_type": 14, "object_id": "29", "object_repr": "Treatment Benefits: Methadone", "action_flag": 2, "change_message": "[{\"changed\": {\"fields\": [\"content\"]}}]"}}, {"model": "admin.logentry", "pk": 240, "fields": {"action_time": "2019-06-24T19:59:05.469Z", "user": 1, "content_type": 14, "object_id": "29", "object_repr": "Treatment Benefits: Methadone", "action_flag": 2, "change_message": "[{\"changed\": {\"fields\": [\"content\"]}}]"}}, {"model": "admin.logentry", "pk": 241, "fields": {"action_time": "2019-06-24T20:00:07.626Z", "user": 1, "content_type": 14, "object_id": "29", "object_repr": "Treatment Benefits: Methadone", "action_flag": 2, "change_message": "[{\"changed\": {\"fields\": [\"content\"]}}]"}}, {"model": "admin.logentry", "pk": 242, "fields": {"action_time": "2019-06-24T20:01:59.549Z", "user": 1, "content_type": 14, "object_id": "29", "object_repr": "Treatment Benefits: Methadone", "action_flag": 2, "change_message": "[{\"changed\": {\"fields\": [\"content\"]}}]"}}, {"model": "admin.logentry", "pk": 243, "fields": {"action_time": "2019-06-24T20:02:53.921Z", "user": 1, "content_type": 14, "object_id": "29", "object_repr": "Treatment Benefits: Methadone", "action_flag": 2, "change_message": "[{\"changed\": {\"fields\": [\"content\"]}}]"}}, {"model": "admin.logentry", "pk": 244, "fields": {"action_time": "2019-06-24T20:30:35.069Z", "user": 1, "content_type": 14, "object_id": "7", "object_repr": "Treatment Benefits: What are my choices for medications?", "action_flag": 2, "change_message": "[{\"changed\": {\"fields\": [\"content\"]}}]"}}, {"model": "admin.logentry", "pk": 245, "fields": {"action_time": "2019-06-24T20:32:12.301Z", "user": 1, "content_type": 14, "object_id": "7", "object_repr": "Treatment Benefits: What are my choices for medications?", "action_flag": 2, "change_message": "[{\"changed\": {\"fields\": [\"content\"]}}]"}}, {"model": "admin.logentry", "pk": 246, "fields": {"action_time": "2019-06-24T20:32:54.496Z", "user": 1, "content_type": 14, "object_id": "7", "object_repr": "Treatment Benefits: What are my choices for medications?", "action_flag": 2, "change_message": "[{\"changed\": {\"fields\": [\"content\"]}}]"}}, {"model": "admin.logentry", "pk": 247, "fields": {"action_time": "2019-06-25T00:54:08.249Z", "user": 1, "content_type": 7, "object_id": "3", "object_repr": "How does medicine get in my body?", "action_flag": 2, "change_message": "[{\"changed\": {\"name\": \"medication effect\", \"object\": \"Methadone: How does medicine get in my body?\", \"fields\": [\"icon\"]}}]"}}, {"model": "admin.logentry", "pk": 248, "fields": {"action_time": "2019-06-25T00:55:13.487Z", "user": 1, "content_type": 17, "object_id": "9", "object_repr": "mouth", "action_flag": 1, "change_message": "[{\"added\": {}}]"}}, {"model": "admin.logentry", "pk": 249, "fields": {"action_time": "2019-06-25T00:55:18.647Z", "user": 1, "content_type": 7, "object_id": "3", "object_repr": "How does medicine get in my body?", "action_flag": 2, "change_message": "[{\"changed\": {\"name\": \"medication effect\", \"object\": \"Methadone: How does medicine get in my body?\", \"fields\": [\"icon\"]}}]"}}, {"model": "admin.logentry", "pk": 250, "fields": {"action_time": "2019-06-25T00:57:07.468Z", "user": 1, "content_type": 7, "object_id": "3", "object_repr": "How does medicine get in my body?", "action_flag": 2, "change_message": "[{\"changed\": {\"name\": \"medication effect\", \"object\": \"Methadone: How does medicine get in my body?\", \"fields\": [\"icon\"]}}]"}}, {"model": "admin.logentry", "pk": 251, "fields": {"action_time": "2019-06-25T01:00:32.026Z", "user": 1, "content_type": 7, "object_id": "3", "object_repr": "How does medicine get in my body?", "action_flag": 2, "change_message": "[{\"changed\": {\"name\": \"medication effect\", \"object\": \"Continue Using: How does medicine get in my body?\", \"fields\": [\"icon\"]}}, {\"added\": {\"name\": \"medication effect\", \"object\": \"Methadone: How does medicine get in my body?\"}}]"}}, {"model": "admin.logentry", "pk": 252, "fields": {"action_time": "2019-06-25T01:01:06.954Z", "user": 1, "content_type": 7, "object_id": "3", "object_repr": "How does medicine get in my body?", "action_flag": 2, "change_message": "[{\"changed\": {\"fields\": [\"category\"]}}]"}}, {"model": "admin.logentry", "pk": 253, "fields": {"action_time": "2019-06-25T01:42:06.411Z", "user": 1, "content_type": 17, "object_id": "10", "object_repr": "nose", "action_flag": 1, "change_message": "[{\"added\": {}}]"}}, {"model": "admin.logentry", "pk": 254, "fields": {"action_time": "2019-06-25T01:42:12.213Z", "user": 1, "content_type": 7, "object_id": "3", "object_repr": "How does medicine get in my body?", "action_flag": 2, "change_message": "[{\"changed\": {\"name\": \"medication effect\", \"object\": \"Continue Using: How does medicine get in my body?\", \"fields\": [\"icon\"]}}]"}}, {"model": "admin.logentry", "pk": 255, "fields": {"action_time": "2019-06-25T01:43:09.155Z", "user": 1, "content_type": 17, "object_id": "11", "object_repr": "mouth", "action_flag": 1, "change_message": "[{\"added\": {}}]"}}, {"model": "admin.logentry", "pk": 256, "fields": {"action_time": "2019-06-25T01:43:32.286Z", "user": 1, "content_type": 17, "object_id": "12", "object_repr": "buttocks", "action_flag": 1, "change_message": "[{\"added\": {}}]"}}, {"model": "admin.logentry", "pk": 257, "fields": {"action_time": "2019-06-25T01:45:00.209Z", "user": 1, "content_type": 7, "object_id": "3", "object_repr": "How does medicine get in my body?", "action_flag": 2, "change_message": "[{\"changed\": {\"name\": \"medication effect\", \"object\": \"No Medicine: How does medicine get in my body?\", \"fields\": [\"value\"]}}, {\"added\": {\"name\": \"medication effect\", \"object\": \"Continue Using: How does medicine get in my body?\"}}, {\"added\": {\"name\": \"medication effect\", \"object\": \"Continue Using: How does medicine get in my body?\"}}, {\"changed\": {\"name\": \"medication effect\", \"object\": \"Continue Using: How does medicine get in my body?\", \"fields\": [\"icon\", \"value\"]}}, {\"changed\": {\"name\": \"medication effect\", \"object\": \"Methadone: How does medicine get in my body?\", \"fields\": [\"value\"]}}, {\"added\": {\"name\": \"medication effect\", \"object\": \"Naltrexone: How does medicine get in my body?\"}}, {\"changed\": {\"name\": \"medication effect\", \"object\": \"Naltrexone: How does medicine get in my body?\", \"fields\": [\"icon\", \"value\"]}}, {\"added\": {\"name\": \"medication effect\", \"object\": \"Buprenorphine: How does medicine get in my body?\"}}, {\"changed\": {\"name\": \"medication effect\", \"object\": \"Buprenorphine: How does medicine get in my body?\", \"fields\": [\"value\"]}}]"}}, {"model": "admin.logentry", "pk": 258, "fields": {"action_time": "2019-06-25T01:49:04.008Z", "user": 1, "content_type": 7, "object_id": "4", "object_repr": "Where do get the medicine in the first 3 months after I am stable?", "action_flag": 2, "change_message": "[{\"changed\": {\"fields\": [\"name\"]}}, {\"changed\": {\"name\": \"medication effect\", \"object\": \"No Medicine: Where do get the medicine in the first 3 months after I am stable?\", \"fields\": [\"value\"]}}, {\"changed\": {\"name\": \"medication effect\", \"object\": \"Continue Using: Where do get the medicine in the first 3 months after I am stable?\", \"fields\": [\"icon\", \"value\"]}}, {\"changed\": {\"name\": \"medication effect\", \"object\": \"Methadone: Where do get the medicine in the first 3 months after I am stable?\", \"fields\": [\"icon\", \"value\"]}}, {\"changed\": {\"name\": \"medication effect\", \"object\": \"Naltrexone: Where do get the medicine in the first 3 months after I am stable?\", \"fields\": [\"icon\", \"value\"]}}, {\"added\": {\"name\": \"medication effect\", \"object\": \"Buprenorphine: Where do get the medicine in the first 3 months after I am stable?\"}}, {\"changed\": {\"name\": \"medication effect\", \"object\": \"Buprenorphine: Where do get the medicine in the first 3 months after I am stable?\", \"fields\": [\"icon\", \"value\"]}}]"}}, {"model": "admin.logentry", "pk": 259, "fields": {"action_time": "2019-06-25T01:49:54.456Z", "user": 1, "content_type": 7, "object_id": "4", "object_repr": "Where do get the medicine in the first 3 months after I am stable?", "action_flag": 2, "change_message": "[{\"changed\": {\"fields\": [\"category\"]}}]"}}, {"model": "admin.logentry", "pk": 260, "fields": {"action_time": "2019-06-25T01:51:22.296Z", "user": 1, "content_type": 7, "object_id": "4", "object_repr": "Where do I take the medicine for the first 3 months?", "action_flag": 2, "change_message": "[{\"changed\": {\"fields\": [\"name\"]}}, {\"deleted\": {\"name\": \"medication effect\", \"object\": \"Buprenorphine: Where do I take the medicine for the first 3 months?\"}}]"}}, {"model": "admin.logentry", "pk": 261, "fields": {"action_time": "2019-06-25T01:51:55.062Z", "user": 1, "content_type": 7, "object_id": "4", "object_repr": "Where do I take the medicine for the first 3 months?", "action_flag": 2, "change_message": "[{\"changed\": {\"name\": \"medication effect\", \"object\": \"Buprenorphine: Where do I take the medicine for the first 3 months?\", \"fields\": [\"icon\"]}}]"}}, {"model": "admin.logentry", "pk": 262, "fields": {"action_time": "2019-06-25T12:37:58.710Z", "user": 1, "content_type": 14, "object_id": "27", "object_repr": "Treatment Benefits: How does treatment help in the short-term?", "action_flag": 2, "change_message": "[{\"changed\": {\"fields\": [\"content\"]}}]"}}, {"model": "admin.logentry", "pk": 263, "fields": {"action_time": "2019-06-25T13:27:05.861Z", "user": 1, "content_type": 17, "object_id": "13", "object_repr": "family", "action_flag": 1, "change_message": "[{\"added\": {}}]"}}, {"model": "admin.logentry", "pk": 264, "fields": {"action_time": "2019-06-25T13:27:18.946Z", "user": 1, "content_type": 17, "object_id": "14", "object_repr": "muscle", "action_flag": 1, "change_message": "[{\"added\": {}}]"}}, {"model": "admin.logentry", "pk": 265, "fields": {"action_time": "2019-06-25T13:27:36.140Z", "user": 1, "content_type": 17, "object_id": "15", "object_repr": "yoga", "action_flag": 1, "change_message": "[{\"added\": {}}]"}}, {"model": "admin.logentry", "pk": 266, "fields": {"action_time": "2019-06-25T13:30:19.029Z", "user": 1, "content_type": 14, "object_id": "28", "object_repr": "Treatment Benefits: How does treatment help in the long-term?", "action_flag": 2, "change_message": "[{\"changed\": {\"fields\": [\"content\"]}}]"}}, {"model": "admin.logentry", "pk": 267, "fields": {"action_time": "2019-06-25T13:30:38.981Z", "user": 1, "content_type": 17, "object_id": "16", "object_repr": "justice-scale", "action_flag": 1, "change_message": "[{\"added\": {}}]"}}, {"model": "admin.logentry", "pk": 268, "fields": {"action_time": "2019-06-25T13:30:50.210Z", "user": 1, "content_type": 14, "object_id": "28", "object_repr": "Treatment Benefits: How does treatment help in the long-term?", "action_flag": 2, "change_message": "[]"}}, {"model": "admin.logentry", "pk": 269, "fields": {"action_time": "2019-06-25T13:32:25.149Z", "user": 1, "content_type": 14, "object_id": "31", "object_repr": "Treatment Benefits: Buprenorphine", "action_flag": 2, "change_message": "[{\"changed\": {\"fields\": [\"content\"]}}]"}}, {"model": "admin.logentry", "pk": 270, "fields": {"action_time": "2019-06-25T13:33:28.237Z", "user": 1, "content_type": 14, "object_id": "32", "object_repr": "Treatment Benefits: Naltrexone", "action_flag": 2, "change_message": "[{\"changed\": {\"fields\": [\"content\"]}}]"}}, {"model": "admin.logentry", "pk": 271, "fields": {"action_time": "2019-06-25T13:36:25.037Z", "user": 1, "content_type": 14, "object_id": "33", "object_repr": "Treatment Benefits: What is true of all medications?", "action_flag": 2, "change_message": "[{\"changed\": {\"fields\": [\"content\"]}}]"}}, {"model": "admin.logentry", "pk": 272, "fields": {"action_time": "2019-06-25T13:36:49.285Z", "user": 1, "content_type": 14, "object_id": "33", "object_repr": "Treatment Benefits: What is true of all medications?", "action_flag": 2, "change_message": "[{\"changed\": {\"fields\": [\"content\"]}}]"}}, {"model": "admin.logentry", "pk": 273, "fields": {"action_time": "2019-06-25T13:37:10.935Z", "user": 1, "content_type": 14, "object_id": "32", "object_repr": "Treatment Benefits: Naltrexone", "action_flag": 2, "change_message": "[{\"changed\": {\"fields\": [\"content\"]}}]"}}, {"model": "admin.logentry", "pk": 274, "fields": {"action_time": "2019-06-25T13:38:22.612Z", "user": 1, "content_type": 17, "object_id": "17", "object_repr": "justice-scale", "action_flag": 1, "change_message": "[{\"added\": {}}]"}}, {"model": "admin.logentry", "pk": 275, "fields": {"action_time": "2019-06-25T13:38:37.421Z", "user": 1, "content_type": 17, "object_id": "18", "object_repr": "cancel", "action_flag": 1, "change_message": "[{\"added\": {}}]"}}, {"model": "admin.logentry", "pk": 276, "fields": {"action_time": "2019-06-25T13:48:53.315Z", "user": 1, "content_type": 7, "object_id": "1", "object_repr": "Symptom Relief", "action_flag": 2, "change_message": "[{\"changed\": {\"fields\": [\"category\"]}}, {\"changed\": {\"name\": \"medication effect\", \"object\": \"No Medicine: Symptom Relief\", \"fields\": [\"icon\"]}}, {\"changed\": {\"name\": \"medication effect\", \"object\": \"Naltrexone: Symptom Relief\", \"fields\": [\"icon\"]}}]"}}, {"model": "admin.logentry", "pk": 277, "fields": {"action_time": "2019-06-25T13:49:20.548Z", "user": 1, "content_type": 17, "object_id": "19", "object_repr": "relief", "action_flag": 1, "change_message": "[{\"added\": {}}]"}}, {"model": "admin.logentry", "pk": 278, "fields": {"action_time": "2019-06-25T13:50:16.621Z", "user": 1, "content_type": 7, "object_id": "1", "object_repr": "Symptom Relief", "action_flag": 2, "change_message": "[{\"changed\": {\"name\": \"medication effect\", \"object\": \"Continue Using: Symptom Relief\", \"fields\": [\"icon\"]}}, {\"changed\": {\"name\": \"medication effect\", \"object\": \"Methadone: Symptom Relief\", \"fields\": [\"icon\"]}}, {\"changed\": {\"name\": \"medication effect\", \"object\": \"Buprenorphine: Symptom Relief\", \"fields\": [\"icon\"]}}]"}}, {"model": "admin.logentry", "pk": 279, "fields": {"action_time": "2019-06-25T13:56:16.496Z", "user": 1, "content_type": 17, "object_id": "20", "object_repr": "first-aid-kit", "action_flag": 1, "change_message": "[{\"added\": {}}]"}}, {"model": "admin.logentry", "pk": 280, "fields": {"action_time": "2019-06-25T13:56:34.841Z", "user": 1, "content_type": 7, "object_id": "1", "object_repr": "Symptom Relief", "action_flag": 2, "change_message": "[]"}}, {"model": "admin.logentry", "pk": 281, "fields": {"action_time": "2019-06-25T13:57:34.621Z", "user": 1, "content_type": 7, "object_id": "15", "object_repr": "Life saving", "action_flag": 2, "change_message": "[{\"changed\": {\"fields\": [\"category\"]}}, {\"changed\": {\"name\": \"medication effect\", \"object\": \"No Medicine: Life saving\", \"fields\": [\"icon\"]}}, {\"changed\": {\"name\": \"medication effect\", \"object\": \"Continue Using: Life saving\", \"fields\": [\"icon\"]}}, {\"changed\": {\"name\": \"medication effect\", \"object\": \"Methadone: Life saving\", \"fields\": [\"icon\"]}}, {\"changed\": {\"name\": \"medication effect\", \"object\": \"Naltrexone: Life saving\", \"fields\": [\"icon\"]}}, {\"changed\": {\"name\": \"medication effect\", \"object\": \"Buprenorphine: Life saving\", \"fields\": [\"icon\"]}}]"}}, {"model": "admin.logentry", "pk": 282, "fields": {"action_time": "2019-06-25T14:06:10.316Z", "user": 1, "content_type": 17, "object_id": "21", "object_repr": "shield", "action_flag": 1, "change_message": "[{\"added\": {}}]"}}, {"model": "admin.logentry", "pk": 283, "fields": {"action_time": "2019-06-25T14:09:09.245Z", "user": 1, "content_type": 17, "object_id": "22", "object_repr": "shield 2", "action_flag": 1, "change_message": "[{\"added\": {}}]"}}, {"model": "admin.logentry", "pk": 284, "fields": {"action_time": "2019-06-25T14:10:24.284Z", "user": 1, "content_type": 7, "object_id": "16", "object_repr": "Stop Relapse", "action_flag": 2, "change_message": "[{\"changed\": {\"fields\": [\"category\", \"description\"]}}, {\"changed\": {\"name\": \"medication effect\", \"object\": \"No Medicine: Stop Relapse\", \"fields\": [\"icon\"]}}, {\"deleted\": {\"name\": \"medication effect\", \"object\": \"No Medicine: Stop Relapse\"}}, {\"changed\": {\"name\": \"medication effect\", \"object\": \"Continue Using: Stop Relapse\", \"fields\": [\"icon\"]}}, {\"deleted\": {\"name\": \"medication effect\", \"object\": \"Continue Using: Stop Relapse\"}}, {\"changed\": {\"name\": \"medication effect\", \"object\": \"Methadone: Stop Relapse\", \"fields\": [\"icon\"]}}, {\"deleted\": {\"name\": \"medication effect\", \"object\": \"Methadone: Stop Relapse\"}}, {\"changed\": {\"name\": \"medication effect\", \"object\": \"Naltrexone: Stop Relapse\", \"fields\": [\"icon\"]}}, {\"deleted\": {\"name\": \"medication effect\", \"object\": \"Naltrexone: Stop Relapse\"}}, {\"deleted\": {\"name\": \"medication effect\", \"object\": \"Naltrexone: Stop Relapse\"}}, {\"changed\": {\"name\": \"medication effect\", \"object\": \"Buprenorphine: Stop Relapse\", \"fields\": [\"icon\"]}}, {\"deleted\": {\"name\": \"medication effect\", \"object\": \"Buprenorphine: Stop Relapse\"}}, {\"deleted\": {\"name\": \"medication effect\", \"object\": \"Buprenorphine: Stop Relapse\"}}]"}}, {"model": "admin.logentry", "pk": 285, "fields": {"action_time": "2019-06-25T14:26:55.819Z", "user": 1, "content_type": 17, "object_id": "23", "object_repr": "up-arrow", "action_flag": 1, "change_message": "[{\"added\": {}}]"}}, {"model": "admin.logentry", "pk": 286, "fields": {"action_time": "2019-06-25T14:30:20.783Z", "user": 1, "content_type": 17, "object_id": "24", "object_repr": "up then down", "action_flag": 1, "change_message": "[{\"added\": {}}]"}}, {"model": "admin.logentry", "pk": 287, "fields": {"action_time": "2019-06-25T14:30:36.124Z", "user": 1, "content_type": 17, "object_id": "25", "object_repr": "down arrow", "action_flag": 1, "change_message": "[{\"added\": {}}]"}}, {"model": "admin.logentry", "pk": 288, "fields": {"action_time": "2019-06-25T14:31:37.771Z", "user": 1, "content_type": 7, "object_id": "19", "object_repr": "Life Function", "action_flag": 2, "change_message": "[{\"changed\": {\"fields\": [\"category\"]}}, {\"changed\": {\"name\": \"medication effect\", \"object\": \"No Medicine: Life Function\", \"fields\": [\"icon\"]}}, {\"changed\": {\"name\": \"medication effect\", \"object\": \"Continue Using: Life Function\", \"fields\": [\"icon\"]}}, {\"changed\": {\"name\": \"medication effect\", \"object\": \"Methadone: Life Function\", \"fields\": [\"icon\"]}}, {\"changed\": {\"name\": \"medication effect\", \"object\": \"Naltrexone: Life Function\", \"fields\": [\"icon\"]}}, {\"changed\": {\"name\": \"medication effect\", \"object\": \"Buprenorphine: Life Function\", \"fields\": [\"icon\"]}}]"}}, {"model": "admin.logentry", "pk": 289, "fields": {"action_time": "2019-06-25T15:04:48.257Z", "user": 1, "content_type": 7, "object_id": "5", "object_repr": "How do I start treatment?", "action_flag": 2, "change_message": "[{\"changed\": {\"name\": \"medication effect\", \"object\": \"No Medicine: How do I start treatment?\", \"fields\": [\"value\"]}}, {\"changed\": {\"name\": \"medication effect\", \"object\": \"Methadone: How do I start treatment?\", \"fields\": [\"value\"]}}, {\"changed\": {\"name\": \"medication effect\", \"object\": \"Naltrexone: How do I start treatment?\", \"fields\": [\"value\"]}}, {\"changed\": {\"name\": \"medication effect\", \"object\": \"Buprenorphine: How do I start treatment?\", \"fields\": [\"value\"]}}]"}}, {"model": "admin.logentry", "pk": 290, "fields": {"action_time": "2019-06-25T15:43:04.013Z", "user": 1, "content_type": 14, "object_id": "4", "object_repr": "What is opioid use disorder?: What are opioids?", "action_flag": 2, "change_message": "[{\"changed\": {\"fields\": [\"content\"]}}]"}}, {"model": "admin.logentry", "pk": 291, "fields": {"action_time": "2019-06-25T16:20:46.124Z", "user": 1, "content_type": 17, "object_id": "26", "object_repr": "sleepy", "action_flag": 1, "change_message": "[{\"added\": {}}]"}}, {"model": "admin.logentry", "pk": 292, "fields": {"action_time": "2019-06-25T16:21:10.569Z", "user": 1, "content_type": 17, "object_id": "27", "object_repr": "constipation", "action_flag": 1, "change_message": "[{\"added\": {}}]"}}, {"model": "admin.logentry", "pk": 293, "fields": {"action_time": "2019-06-25T16:21:56.601Z", "user": 1, "content_type": 17, "object_id": "28", "object_repr": "gain weight", "action_flag": 1, "change_message": "[{\"added\": {}}]"}}, {"model": "admin.logentry", "pk": 294, "fields": {"action_time": "2019-06-25T16:22:15.745Z", "user": 1, "content_type": 17, "object_id": "29", "object_repr": "sex", "action_flag": 1, "change_message": "[{\"added\": {}}]"}}, {"model": "admin.logentry", "pk": 295, "fields": {"action_time": "2019-06-25T16:22:34.106Z", "user": 1, "content_type": 17, "object_id": "30", "object_repr": "headache", "action_flag": 1, "change_message": "[{\"added\": {}}]"}}, {"model": "admin.logentry", "pk": 296, "fields": {"action_time": "2019-06-25T16:22:50.487Z", "user": 1, "content_type": 17, "object_id": "31", "object_repr": "injection pain", "action_flag": 1, "change_message": "[{\"added\": {}}]"}}, {"model": "admin.logentry", "pk": 297, "fields": {"action_time": "2019-06-25T16:23:09.205Z", "user": 1, "content_type": 17, "object_id": "32", "object_repr": "alarm (death)", "action_flag": 1, "change_message": "[{\"added\": {}}]"}}, {"model": "admin.logentry", "pk": 298, "fields": {"action_time": "2019-06-25T16:36:02.212Z", "user": 1, "content_type": 7, "object_id": "7", "object_repr": "Common side effects", "action_flag": 2, "change_message": "[{\"changed\": {\"fields\": [\"category\", \"description\"]}}, {\"changed\": {\"name\": \"medication effect\", \"object\": \"No Medicine: Common side effects\", \"fields\": [\"value\"]}}, {\"changed\": {\"name\": \"medication effect\", \"object\": \"Continue Using: Common side effects\", \"fields\": [\"icon\", \"value\"]}}, {\"changed\": {\"name\": \"medication effect\", \"object\": \"Continue Using: Common side effects\", \"fields\": [\"icon\"]}}, {\"changed\": {\"name\": \"medication effect\", \"object\": \"Continue Using: Common side effects\", \"fields\": [\"icon\"]}}, {\"changed\": {\"name\": \"medication effect\", \"object\": \"Continue Using: Common side effects\", \"fields\": [\"icon\"]}}, {\"added\": {\"name\": \"medication effect\", \"object\": \"Methadone: Common side effects\"}}, {\"added\": {\"name\": \"medication effect\", \"object\": \"Methadone: Common side effects\"}}, {\"added\": {\"name\": \"medication effect\", \"object\": \"Methadone: Common side effects\"}}, {\"changed\": {\"name\": \"medication effect\", \"object\": \"Methadone: Common side effects\", \"fields\": [\"icon\", \"value\"]}}, {\"changed\": {\"name\": \"medication effect\", \"object\": \"Naltrexone: Common side effects\", \"fields\": [\"icon\", \"value\"]}}, {\"changed\": {\"name\": \"medication effect\", \"object\": \"Buprenorphine: Common side effects\", \"fields\": [\"icon\"]}}, {\"changed\": {\"name\": \"medication effect\", \"object\": \"Buprenorphine: Common side effects\", \"fields\": [\"icon\"]}}]"}}, {"model": "admin.logentry", "pk": 299, "fields": {"action_time": "2019-06-26T12:29:25.678Z", "user": 1, "content_type": 14, "object_id": "4", "object_repr": "What is opioid use disorder?: What are opioids?", "action_flag": 2, "change_message": "[{\"changed\": {\"fields\": [\"content\"]}}]"}}, {"model": "admin.logentry", "pk": 300, "fields": {"action_time": "2019-06-26T12:35:21.095Z", "user": 1, "content_type": 7, "object_id": "1", "object_repr": "Symptom Relief", "action_flag": 2, "change_message": "[{\"changed\": {\"fields\": [\"description\"]}}]"}}, {"model": "admin.logentry", "pk": 301, "fields": {"action_time": "2019-06-26T12:36:10.480Z", "user": 1, "content_type": 7, "object_id": "15", "object_repr": "Life saving", "action_flag": 2, "change_message": "[{\"changed\": {\"fields\": [\"description\"]}}]"}}, {"model": "admin.logentry", "pk": 302, "fields": {"action_time": "2019-06-26T12:37:02.876Z", "user": 1, "content_type": 7, "object_id": "19", "object_repr": "Life Function", "action_flag": 2, "change_message": "[{\"changed\": {\"fields\": [\"description\"]}}]"}}, {"model": "admin.logentry", "pk": 303, "fields": {"action_time": "2019-06-26T12:37:54.500Z", "user": 1, "content_type": 14, "object_id": "35", "object_repr": "Daily Life on Treatment: Daily Life on Medications", "action_flag": 3, "change_message": ""}}, {"model": "admin.logentry", "pk": 304, "fields": {"action_time": "2019-06-26T12:38:11.826Z", "user": 1, "content_type": 14, "object_id": "10", "object_repr": "Daily Life on Treatment: Daily Life on Medication", "action_flag": 2, "change_message": "[{\"changed\": {\"fields\": [\"content\"]}}]"}}, {"model": "admin.logentry", "pk": 305, "fields": {"action_time": "2019-06-26T12:40:11.536Z", "user": 1, "content_type": 7, "object_id": "5", "object_repr": "How do I start treatment?", "action_flag": 2, "change_message": "[{\"changed\": {\"fields\": [\"description\"]}}]"}}, {"model": "admin.logentry", "pk": 306, "fields": {"action_time": "2019-06-26T12:42:00.725Z", "user": 1, "content_type": 7, "object_id": "4", "object_repr": "Where do I take the medicine for the first 3 months?", "action_flag": 2, "change_message": "[{\"changed\": {\"fields\": [\"description\"]}}]"}}, {"model": "admin.logentry", "pk": 307, "fields": {"action_time": "2019-06-26T12:44:46.379Z", "user": 1, "content_type": 7, "object_id": "7", "object_repr": "Common side effects", "action_flag": 2, "change_message": "[{\"changed\": {\"fields\": [\"description\"]}}]"}}, {"model": "admin.logentry", "pk": 308, "fields": {"action_time": "2019-06-26T12:46:54.169Z", "user": 1, "content_type": 7, "object_id": "14", "object_repr": "Risk of death right after stopping", "action_flag": 2, "change_message": "[{\"changed\": {\"fields\": [\"description\"]}}]"}}, {"model": "admin.logentry", "pk": 309, "fields": {"action_time": "2019-06-26T12:48:28.778Z", "user": 1, "content_type": 7, "object_id": "13", "object_repr": "Intensity of withdrawal if you stop", "action_flag": 2, "change_message": "[{\"changed\": {\"fields\": [\"description\"]}}]"}}, {"model": "admin.logentry", "pk": 310, "fields": {"action_time": "2019-06-26T12:49:56.675Z", "user": 1, "content_type": 14, "object_id": "40", "object_repr": "Daily Life on Treatment: Daily Life on Medications", "action_flag": 1, "change_message": "[{\"added\": {}}]"}}, {"model": "admin.logentry", "pk": 311, "fields": {"action_time": "2019-06-26T12:51:25.846Z", "user": 1, "content_type": 7, "object_id": "20", "object_repr": "How the medicine gets in the body", "action_flag": 2, "change_message": "[{\"changed\": {\"fields\": [\"description\"]}}]"}}]